000000000590,,B004003,90402-RHQ,Accounting-Trade,RHQ,SH,GL 2018-02-5/5,,,IN,,2018-05-01 06:23:50 UTC,,,,,,,
000000000589,,B004003,90402-RHQ,Accounting-Trade,RHQ,SH,GL 2018-02-4/5,,,IN,,2018-05-01 06:23:50 UTC,,,,,,,
000000000588,,B004003,90402-RHQ,Accounting-Trade,RHQ,SH,GL 2018-02-3/5,,,IN,,2018-05-01 06:23:50 UTC,,,,,,,
000000000587,,B004003,90402-RHQ,Accounting-Trade,RHQ,SH,GL 2018-02-2/5,,,IN,,2018-05-01 06:23:50 UTC,,,,,,,
000000000586,,B004003,90402-RHQ,Accounting-Trade,RHQ,SH,GL 2018-02-1/5,,,IN,,2018-05-01 06:23:50 UTC,,,,,,,
000000000585,,B003004,90474-CDC,Accounting-Trade,RHQ,SH,Export 2017-08-22/22,,,IN,,2018-05-01 06:23:50 UTC,,,,,,,
000000000584,,B003004,90474-CDC,Accounting-Trade,RHQ,SH,Export 2017-08-21/22,,,IN,,2018-05-01 06:23:50 UTC,,,,,,,
000000000583,,B003004,90474-CDC,Accounting-Trade,RHQ,SH,Export 2017-08-20/22,,,IN,,2018-05-01 06:23:50 UTC,,,,,,,
000000000582,,B003004,90474-CDC,Accounting-Trade,RHQ,SH,Export 2017-08-19/22,,,IN,,2018-05-01 06:23:50 UTC,,,,,,,
000000000581,,B003004,90474-CDC,Accounting-Trade,RHQ,SH,Export 2017-08-18/22,,,IN,,2018-05-01 06:23:50 UTC,,,,,,,
000000000580,,B003004,90474-CDC,Accounting-Trade,RHQ,SH,Export 2017-08-17/22,,,IN,,2018-05-01 06:23:50 UTC,,,,,,,
000000000579,,B003004,90474-CDC,Accounting-Trade,RHQ,SH,Export 2017-08-16/22,,,IN,,2018-05-01 06:23:50 UTC,,,,,,,
000000000578,,B003004,90474-CDC,Accounting-Trade,RHQ,SH,Export 2017-08-15/22,,,IN,,2018-05-01 06:23:50 UTC,,,,,,,
000000000577,,B003004,90474-CDC,Accounting-Trade,RHQ,SH,Export 2017-08-14/22,,,IN,,2018-05-01 06:23:50 UTC,,,,,,,
000000000576,,B003004,90474-CDC,Accounting-Trade,RHQ,SH,Export 2017-08-13/22,,,IN,,2018-05-01 06:23:50 UTC,,,,,,,
000000000575,,B003004,90474-CDC,Accounting-Trade,RHQ,SH,Export 2017-08-12/22,,,IN,,2018-05-01 06:23:50 UTC,,,,,,,
000000000574,,B003004,90474-CDC,Accounting-Trade,RHQ,SH,Export 2017-08-11/22,,,IN,,2018-05-01 06:23:50 UTC,,,,,,,
000000000573,,B003004,90474-CDC,Accounting-Trade,RHQ,SH,Export 2017-08-10/22,,,IN,,2018-05-01 06:23:50 UTC,,,,,,,
000000000572,,B003004,90474-CDC,Accounting-Trade,RHQ,SH,Export 2017-08-9/22,,,IN,,2018-05-01 06:23:50 UTC,,,,,,,
000000000571,,B003004,90474-CDC,Accounting-Trade,RHQ,SH,Export 2017-08-8/22,,,IN,,2018-05-01 06:23:50 UTC,,,,,,,
000000000570,,B003004,90474-CDC,Accounting-Trade,RHQ,SH,Export 2017-08-7/22,,,IN,,2018-05-01 06:23:50 UTC,,,,,,,
000000000569,,B003004,90474-CDC,Accounting-Trade,RHQ,SH,Export 2017-08-6/22,,,IN,,2018-05-01 06:23:50 UTC,,,,,,,
000000000568,,B003004,90474-CDC,Accounting-Trade,RHQ,SH,Export 2017-08-5/22,,,IN,,2018-05-01 06:23:50 UTC,,,,,,,
000000000567,,B003004,90474-CDC,Accounting-Trade,RHQ,SH,Export 2017-08-4/22,,,IN,,2018-05-01 06:23:50 UTC,,,,,,,
000000000566,,B003004,90474-CDC,Accounting-Trade,RHQ,SH,Export 2017-08-3/22,,,IN,,2018-05-01 06:23:50 UTC,,,,,,,
000000000565,,B003004,90474-CDC,Accounting-Trade,RHQ,SH,Export 2017-08-2/22,,,IN,,2018-05-01 06:23:50 UTC,,,,,,,
000000000564,,B003004,90474-CDC,Accounting-Trade,RHQ,SH,Export 2017-08-1/22,,,IN,,2018-05-01 06:23:50 UTC,,,,,,,
000000000563,,B003004,90474-CDC,Accounting-Trade,RHQ,SH,Export 2017-07-11/11,,,IN,,2018-05-01 06:23:50 UTC,,,,,,,
000000000562,,B003004,90474-CDC,Accounting-Trade,RHQ,SH,Export 2017-07-10/11,,,IN,,2018-05-01 06:23:50 UTC,,,,,,,
000000000561,,B003004,90474-CDC,Accounting-Trade,RHQ,SH,Export 2017-07-9/11,,,IN,,2018-05-01 06:23:50 UTC,,,,,,,
000000000560,,B003004,90474-CDC,Accounting-Trade,RHQ,SH,Export 2017-07-8/11,,,IN,,2018-05-01 06:23:50 UTC,,,,,,,
000000000559,,B003004,90474-CDC,Accounting-Trade,RHQ,SH,Export 2017-07-7/11,,,IN,,2018-05-01 06:23:50 UTC,,,,,,,
000000000558,,B003003,90474-CDC,Accounting-Trade,RHQ,SH,Export 2017-07-6/11,,,IN,,2018-05-01 06:23:50 UTC,,,,,,,
000000000557,,B003003,90474-CDC,Accounting-Trade,RHQ,SH,Export 2017-07-5/11,,,IN,,2018-05-01 06:23:50 UTC,,,,,,,
000000000556,,B003003,90474-CDC,Accounting-Trade,RHQ,SH,Export 2017-07-4/11,,,IN,,2018-05-01 06:23:50 UTC,,,,,,,
000000000555,,B003003,90474-CDC,Accounting-Trade,RHQ,SH,Export 2017-07-3/11,,,IN,,2018-05-01 06:23:50 UTC,,,,,,,
000000000554,,B003003,90474-CDC,Accounting-Trade,RHQ,SH,Export 2017-07-2/11,,,IN,,2018-05-01 06:23:50 UTC,,,,,,,
000000000553,,B003003,90474-CDC,Accounting-Trade,RHQ,SH,Export 2017-07-1/11,,,IN,,2018-05-01 06:23:50 UTC,,,,,,,
000000000552,,B003003,90474-CDC,Accounting-Trade,RHQ,SH,Export 2017-06-10/10,,,IN,,2018-05-01 06:23:50 UTC,,,,,,,
000000000551,,B003003,90474-CDC,Accounting-Trade,RHQ,SH,Export 2017-06-9/10,,,IN,,2018-05-01 06:23:50 UTC,,,,,,,
000000000550,,B003003,90474-CDC,Accounting-Trade,RHQ,SH,Export 2017-06-8/10,,,IN,,2018-05-01 06:23:50 UTC,,,,,,,
000000000549,,B003003,90474-CDC,Accounting-Trade,RHQ,SH,Export 2017-06-7/10,,,IN,,2018-05-01 06:23:50 UTC,,,,,,,
000000000548,,B003003,90474-CDC,Accounting-Trade,RHQ,SH,Export 2017-06-6/10,,,IN,,2018-05-01 06:23:50 UTC,,,,,,,
000000000547,,B003003,90474-CDC,Accounting-Trade,RHQ,SH,Export 2017-06-5/10,,,IN,,2018-05-01 06:23:50 UTC,,,,,,,
000000000546,,B003003,90474-CDC,Accounting-Trade,RHQ,SH,Export 2017-06-4/10,,,IN,,2018-05-01 06:23:50 UTC,,,,,,,
000000000545,,B003003,90474-CDC,Accounting-Trade,RHQ,SH,Export 2017-06-3/10,,,IN,,2018-05-01 06:23:50 UTC,,,,,,,
000000000544,,B003003,90474-CDC,Accounting-Trade,RHQ,SH,Export 2017-06-2/10,,,IN,,2018-05-01 06:23:50 UTC,,,,,,,
000000000543,,B003003,90474-CDC,Accounting-Trade,RHQ,SH,Export 2017-06-1/10,,,IN,,2018-05-01 06:23:50 UTC,,,,,,,
000000000542,,B003003,90474-CDC,Accounting-Trade,RHQ,SH,Export 2017-05-15/15,,,IN,,2018-05-01 06:23:50 UTC,,,,,,,
000000000541,,B003003,90474-CDC,Accounting-Trade,RHQ,SH,Export 2017-05-14/15,,,IN,,2018-05-01 06:23:50 UTC,,,,,,,
000000000540,,B003003,90474-CDC,Accounting-Trade,RHQ,SH,Export 2017-05-13/15,,,IN,,2018-05-01 06:23:50 UTC,,,,,,,
000000000539,,B003003,90474-CDC,Accounting-Trade,RHQ,SH,Export 2017-05-12/15,,,IN,,2018-05-01 06:23:50 UTC,,,,,,,
000000000538,,B003003,90474-CDC,Accounting-Trade,RHQ,SH,Export 2017-05-11/15,,,IN,,2018-05-01 06:23:50 UTC,,,,,,,
000000000537,,B003003,90474-CDC,Accounting-Trade,RHQ,SH,Export 2017-05-10/15,,,IN,,2018-05-01 06:23:50 UTC,,,,,,,
000000000536,,B003003,90474-CDC,Accounting-Trade,RHQ,SH,Export 2017-05-9/15,,,IN,,2018-05-01 06:23:50 UTC,,,,,,,
000000000535,,B003003,90474-CDC,Accounting-Trade,RHQ,SH,Export 2017-05-8/15,,,IN,,2018-05-01 06:23:50 UTC,,,,,,,
000000000534,,B003003,90474-CDC,Accounting-Trade,RHQ,SH,Export 2017-05-7/15,,,IN,,2018-05-01 06:23:50 UTC,,,,,,,
000000000533,,B003003,90474-CDC,Accounting-Trade,RHQ,SH,Export 2017-05-6/15,,,IN,,2018-05-01 06:23:50 UTC,,,,,,,
000000000532,,B003003,90474-CDC,Accounting-Trade,RHQ,SH,Export 2017-05-5/15,,,IN,,2018-05-01 06:23:49 UTC,,,,,,,
000000000531,,B003003,90474-CDC,Accounting-Trade,RHQ,SH,Export 2017-05-4/15,,,IN,,2018-05-01 06:23:49 UTC,,,,,,,
000000000530,,B003003,90474-CDC,Accounting-Trade,RHQ,SH,Export 2017-05-3/15,,,IN,,2018-05-01 06:23:49 UTC,,,,,,,
000000000529,,B003003,90474-CDC,Accounting-Trade,RHQ,SH,Export 2017-05-2/15,,,IN,,2018-05-01 06:23:49 UTC,,,,,,,
000000000528,,B003003,90474-CDC,Accounting-Trade,RHQ,SH,Export 2017-05-1/15,,,IN,,2018-05-01 06:23:49 UTC,,,,,,,
000000000527,,B003002,90474-CDC,Accounting-Trade,RHQ,SH,Export 2017-04-16/16,,,IN,,2018-05-01 06:23:49 UTC,,,,,,,
000000000526,,B003002,90474-CDC,Accounting-Trade,RHQ,SH,Export 2017-04-15/16,,,IN,,2018-05-01 06:23:49 UTC,,,,,,,
000000000525,,B003002,90474-CDC,Accounting-Trade,RHQ,SH,Export 2017-04-14/16,,,IN,,2018-05-01 06:23:49 UTC,,,,,,,
000000000524,,B003002,90474-CDC,Accounting-Trade,RHQ,SH,Export 2017-04-13/16,,,IN,,2018-05-01 06:23:49 UTC,,,,,,,
000000000523,,B003002,90474-CDC,Accounting-Trade,RHQ,SH,Export 2017-04-12/16,,,IN,,2018-05-01 06:23:49 UTC,,,,,,,
000000000522,,B003002,90474-CDC,Accounting-Trade,RHQ,SH,Export 2017-04-11/16,,,IN,,2018-05-01 06:23:49 UTC,,,,,,,
000000000521,,B003002,90474-CDC,Accounting-Trade,RHQ,SH,Export 2017-04-10/16,,,IN,,2018-05-01 06:23:49 UTC,,,,,,,
000000000520,,B003002,90474-CDC,Accounting-Trade,RHQ,SH,Export 2017-04-9/16,,,IN,,2018-05-01 06:23:49 UTC,,,,,,,
000000000519,,B003002,90474-CDC,Accounting-Trade,RHQ,SH,Export 2017-04-8/16,,,IN,,2018-05-01 06:23:49 UTC,,,,,,,
000000000518,,B003002,90474-CDC,Accounting-Trade,RHQ,SH,Export 2017-04-7/16,,,IN,,2018-05-01 06:23:49 UTC,,,,,,,
000000000517,,B003002,90474-CDC,Accounting-Trade,RHQ,SH,Export 2017-04-6/16,,,IN,,2018-05-01 06:23:49 UTC,,,,,,,
000000000516,,B003002,90474-CDC,Accounting-Trade,RHQ,SH,Export 2017-04-5/16,,,IN,,2018-05-01 06:23:49 UTC,,,,,,,
000000000515,,B003002,90474-CDC,Accounting-Trade,RHQ,SH,Export 2017-04-4/16,,,IN,,2018-05-01 06:23:49 UTC,,,,,,,
000000000514,,B003002,90474-CDC,Accounting-Trade,RHQ,SH,Export 2017-04-3/16,,,IN,,2018-05-01 06:23:49 UTC,,,,,,,
000000000513,,B003002,90474-CDC,Accounting-Trade,RHQ,SH,Export 2017-04-2/16,,,IN,,2018-05-01 06:23:49 UTC,,,,,,,
000000000512,,B003002,90474-CDC,Accounting-Trade,RHQ,SH,Export 2017-04-1/16,,,IN,,2018-05-01 06:23:49 UTC,,,,,,,
000000000511,,B003002,90474-CDC,Accounting-Trade,RHQ,SH,Export 2017-03-18/18,,,IN,,2018-05-01 06:23:49 UTC,,,,,,,
000000000510,,B003002,90474-CDC,Accounting-Trade,RHQ,SH,Export 2017-03-17/18,,,IN,,2018-05-01 06:23:49 UTC,,,,,,,
000000000509,,B003002,90474-CDC,Accounting-Trade,RHQ,SH,Export 2017-03-16/18,,,IN,,2018-05-01 06:23:49 UTC,,,,,,,
000000000508,,B003002,90474-CDC,Accounting-Trade,RHQ,SH,Export 2017-03-15/18,,,IN,,2018-05-01 06:23:49 UTC,,,,,,,
000000000507,,B003002,90474-CDC,Accounting-Trade,RHQ,SH,Export 2017-03-14/18,,,IN,,2018-05-01 06:23:49 UTC,,,,,,,
000000000506,,B003002,90474-CDC,Accounting-Trade,RHQ,SH,Export 2017-03-13/18,,,IN,,2018-05-01 06:23:49 UTC,,,,,,,
000000000505,,B003002,90474-CDC,Accounting-Trade,RHQ,SH,Export 2017-03-12/18,,,IN,,2018-05-01 06:23:49 UTC,,,,,,,
000000000504,,B003002,90474-CDC,Accounting-Trade,RHQ,SH,Export 2017-03-11/18,,,IN,,2018-05-01 06:23:49 UTC,,,,,,,
000000000503,,B003002,90474-CDC,Accounting-Trade,RHQ,SH,Export 2017-03-10/18,,,IN,,2018-05-01 06:23:49 UTC,,,,,,,
000000000502,,B003002,90474-CDC,Accounting-Trade,RHQ,SH,Export 2017-03-9/18,,,IN,,2018-05-01 06:23:49 UTC,,,,,,,
000000000501,,B003002,90474-CDC,Accounting-Trade,RHQ,SH,Export 2017-03-8/18,,,IN,,2018-05-01 06:23:49 UTC,,,,,,,
000000000500,,B003002,90474-CDC,Accounting-Trade,RHQ,SH,Export 2017-03-7/18,,,IN,,2018-05-01 06:23:49 UTC,,,,,,,
000000000499,,B003002,90474-CDC,Accounting-Trade,RHQ,SH,Export 2017-03-6/18,,,IN,,2018-05-01 06:23:49 UTC,,,,,,,
000000000498,,B003002,90474-CDC,Accounting-Trade,RHQ,SH,Export 2017-03-5/18,,,IN,,2018-05-01 06:23:49 UTC,,,,,,,
000000000497,,B003002,90474-CDC,Accounting-Trade,RHQ,SH,Export 2017-03-4/18,,,IN,,2018-05-01 06:23:49 UTC,,,,,,,
000000000496,,B003002,90474-CDC,Accounting-Trade,RHQ,SH,Export 2017-03-3/18,,,IN,,2018-05-01 06:23:49 UTC,,,,,,,
000000000495,,B003002,90474-CDC,Accounting-Trade,RHQ,SH,Export 2017-03-2/18,,,IN,,2018-05-01 06:23:49 UTC,,,,,,,
000000000494,,B003002,90474-CDC,Accounting-Trade,RHQ,SH,Export 2017-03-1/18,,,IN,,2018-05-01 06:23:49 UTC,,,,,,,
000000000493,,B003001,90474-CDC,Accounting-Trade,RHQ,SH,Export 2017-02-16/16,,,IN,,2018-05-01 06:23:49 UTC,,,,,,,
000000000492,,B003001,90474-CDC,Accounting-Trade,RHQ,SH,Export 2017-02-15/16,,,IN,,2018-05-01 06:23:49 UTC,,,,,,,
000000000491,,B003001,90474-CDC,Accounting-Trade,RHQ,SH,Export 2017-02-14/16,,,IN,,2018-05-01 06:23:49 UTC,,,,,,,
000000000490,,B003001,90474-CDC,Accounting-Trade,RHQ,SH,Export 2017-02-13/16,,,IN,,2018-05-01 06:23:49 UTC,,,,,,,
000000000489,,B003001,90474-CDC,Accounting-Trade,RHQ,SH,Export 2017-02-12/16,,,IN,,2018-05-01 06:23:49 UTC,,,,,,,
000000000488,,B003001,90474-CDC,Accounting-Trade,RHQ,SH,Export 2017-02-11/16,,,IN,,2018-05-01 06:23:49 UTC,,,,,,,
000000000487,,B003001,90474-CDC,Accounting-Trade,RHQ,SH,Export 2017-02-10/16,,,IN,,2018-05-01 06:23:49 UTC,,,,,,,
000000000486,,B003001,90474-CDC,Accounting-Trade,RHQ,SH,Export 2017-02-9/16,,,IN,,2018-05-01 06:23:49 UTC,,,,,,,
000000000485,,B003001,90474-CDC,Accounting-Trade,RHQ,SH,Export 2017-02-8/16,,,IN,,2018-05-01 06:23:49 UTC,,,,,,,
000000000484,,B003001,90474-CDC,Accounting-Trade,RHQ,SH,Export 2017-02-7/16,,,IN,,2018-05-01 06:23:49 UTC,,,,,,,
000000000483,,B003001,90474-CDC,Accounting-Trade,RHQ,SH,Export 2017-02-6/16,,,IN,,2018-05-01 06:23:49 UTC,,,,,,,
000000000482,,B003001,90474-CDC,Accounting-Trade,RHQ,SH,Export 2017-02-5/16,,,IN,,2018-05-01 06:23:49 UTC,,,,,,,
000000000481,,B003001,90474-CDC,Accounting-Trade,RHQ,SH,Export 2017-02-4/16,,,IN,,2018-05-01 06:23:49 UTC,,,,,,,
000000000480,,B003001,90474-CDC,Accounting-Trade,RHQ,SH,Export 2017-02-3/16,,,IN,,2018-05-01 06:23:49 UTC,,,,,,,
000000000479,,B003001,90474-CDC,Accounting-Trade,RHQ,SH,Export 2017-02-2/16,,,IN,,2018-05-01 06:23:49 UTC,,,,,,,
000000000478,,B003001,90474-CDC,Accounting-Trade,RHQ,SH,Export 2017-02-1/16,,,IN,,2018-05-01 06:23:49 UTC,,,,,,,
000000000477,,B003001,90474-CDC,Accounting-Trade,RHQ,SH,Export 2017-01-16/16,,,IN,,2018-05-01 06:23:49 UTC,,,,,,,
000000000476,,B003001,90474-CDC,Accounting-Trade,RHQ,SH,Export 2017-01-15/16,,,IN,,2018-05-01 06:23:49 UTC,,,,,,,
000000000475,,B003001,90474-CDC,Accounting-Trade,RHQ,SH,Export 2017-01-14/16,,,IN,,2018-05-01 06:23:49 UTC,,,,,,,
000000000474,,B003001,90474-CDC,Accounting-Trade,RHQ,SH,Export 2017-01-13/16,,,IN,,2018-05-01 06:23:49 UTC,,,,,,,
000000000473,,B003001,90474-CDC,Accounting-Trade,RHQ,SH,Export 2017-01-12/16,,,IN,,2018-05-01 06:23:49 UTC,,,,,,,
000000000472,,B003001,90474-CDC,Accounting-Trade,RHQ,SH,Export 2017-01-11/16,,,IN,,2018-05-01 06:23:49 UTC,,,,,,,
000000000471,,B003001,90474-CDC,Accounting-Trade,RHQ,SH,Export 2017-01-10/16,,,IN,,2018-05-01 06:23:49 UTC,,,,,,,
000000000470,,B003001,90474-CDC,Accounting-Trade,RHQ,SH,Export 2017-01-9/16,,,IN,,2018-05-01 06:23:49 UTC,,,,,,,
000000000469,,B003001,90474-CDC,Accounting-Trade,RHQ,SH,Export 2017-01-8/16,,,IN,,2018-05-01 06:23:49 UTC,,,,,,,
000000000468,,B003001,90474-CDC,Accounting-Trade,RHQ,SH,Export 2017-01-7/16,,,IN,,2018-05-01 06:23:49 UTC,,,,,,,
000000000467,,B003001,90474-CDC,Accounting-Trade,RHQ,SH,Export 2017-01-6/16,,,IN,,2018-05-01 06:23:49 UTC,,,,,,,
000000000466,,B003001,90474-CDC,Accounting-Trade,RHQ,SH,Export 2017-01-5/16,,,IN,,2018-05-01 06:23:49 UTC,,,,,,,
000000000465,,B003001,90474-CDC,Accounting-Trade,RHQ,SH,Export 2017-01-4/16,,,IN,,2018-05-01 06:23:49 UTC,,,,,,,
000000000464,,B003001,90474-CDC,Accounting-Trade,RHQ,SH,Export 2017-01-3/16,,,IN,,2018-05-01 06:23:49 UTC,,,,,,,
000000000463,,B003001,90474-CDC,Accounting-Trade,RHQ,SH,Export 2017-01-2/16,,,IN,,2018-05-01 06:23:49 UTC,,,,,,,
000000000462,,B003001,90474-CDC,Accounting-Trade,RHQ,SH,Export 2017-01-1/16,,,IN,,2018-05-01 06:23:49 UTC,,,,,,,
000000000461,,B005003,90402-RHQ,Accounting-Trade,RHQ,SH,Export 2017-08-15/15,,,IN,,2018-05-01 06:23:49 UTC,,,,,,,
000000000460,,B005003,90402-RHQ,Accounting-Trade,RHQ,SH,Export 2017-08-14/15,,,IN,,2018-05-01 06:23:49 UTC,,,,,,,
000000000459,,B005003,90402-RHQ,Accounting-Trade,RHQ,SH,Export 2017-08-13/15,,,IN,,2018-05-01 06:23:49 UTC,,,,,,,
000000000458,,B005003,90402-RHQ,Accounting-Trade,RHQ,SH,Export 2017-08-12/15,,,IN,,2018-05-01 06:23:49 UTC,,,,,,,
000000000457,,B005003,90402-RHQ,Accounting-Trade,RHQ,SH,Export 2017-08-11/15,,,IN,,2018-05-01 06:23:49 UTC,,,,,,,
000000000456,,B005003,90402-RHQ,Accounting-Trade,RHQ,SH,Export 2017-08-10/15,,,IN,,2018-05-01 06:23:49 UTC,,,,,,,
000000000455,,B005003,90402-RHQ,Accounting-Trade,RHQ,SH,Export 2017-08-9/15,,,IN,,2018-05-01 06:23:49 UTC,,,,,,,
000000000454,,B005003,90402-RHQ,Accounting-Trade,RHQ,SH,Export 2017-08-8/15,,,IN,,2018-05-01 06:23:49 UTC,,,,,,,
000000000453,,B005003,90402-RHQ,Accounting-Trade,RHQ,SH,Export 2017-08-7/15,,,IN,,2018-05-01 06:23:49 UTC,,,,,,,
000000000452,,B005003,90402-RHQ,Accounting-Trade,RHQ,SH,Export 2017-08-6/15,,,IN,,2018-05-01 06:23:49 UTC,,,,,,,
000000000451,,B005003,90402-RHQ,Accounting-Trade,RHQ,SH,Export 2017-08-5/15,,,IN,,2018-05-01 06:23:49 UTC,,,,,,,
000000000450,,B005003,90402-RHQ,Accounting-Trade,RHQ,SH,Export 2017-08-4/15,,,IN,,2018-05-01 06:23:49 UTC,,,,,,,
000000000449,,B005003,90402-RHQ,Accounting-Trade,RHQ,SH,Export 2017-08-3/15,,,IN,,2018-05-01 06:23:49 UTC,,,,,,,
000000000448,,B005003,90402-RHQ,Accounting-Trade,RHQ,SH,Export 2017-08-2/15,,,IN,,2018-05-01 06:23:49 UTC,,,,,,,
000000000447,,B005003,90402-RHQ,Accounting-Trade,RHQ,SH,Export 2017-08-1/15,,,IN,,2018-05-01 06:23:48 UTC,,,,,,,
000000000446,,B005003,90402-RHQ,Accounting-Trade,RHQ,SH,Export 2017-07-9/9,,,IN,,2018-05-01 06:23:48 UTC,,,,,,,
000000000445,,B005003,90402-RHQ,Accounting-Trade,RHQ,SH,Export 2017-07-8/9,,,IN,,2018-05-01 06:23:48 UTC,,,,,,,
000000000444,,B005003,90402-RHQ,Accounting-Trade,RHQ,SH,Export 2017-07-7/9,,,IN,,2018-05-01 06:23:48 UTC,,,,,,,
000000000443,,B005003,90402-RHQ,Accounting-Trade,RHQ,SH,Export 2017-07-6/9,,,IN,,2018-05-01 06:23:48 UTC,,,,,,,
000000000442,,B005003,90402-RHQ,Accounting-Trade,RHQ,SH,Export 2017-07-5/9,,,IN,,2018-05-01 06:23:48 UTC,,,,,,,
000000000441,,B005003,90402-RHQ,Accounting-Trade,RHQ,SH,Export 2017-07-4/9,,,IN,,2018-05-01 06:23:48 UTC,,,,,,,
000000000440,,B005003,90402-RHQ,Accounting-Trade,RHQ,SH,Export 2017-07-3/9,,,IN,,2018-05-01 06:23:48 UTC,,,,,,,
000000000439,,B005003,90402-RHQ,Accounting-Trade,RHQ,SH,Export 2017-07-2/9,,,IN,,2018-05-01 06:23:48 UTC,,,,,,,
000000000438,,B005003,90402-RHQ,Accounting-Trade,RHQ,SH,Export 2017-07-1/9,,,IN,,2018-05-01 06:23:48 UTC,,,,,,,
000000000437,,B005003,90402-RHQ,Accounting-Trade,RHQ,SH,Export 2017-06-10/10,,,IN,,2018-05-01 06:23:48 UTC,,,,,,,
000000000436,,B005003,90402-RHQ,Accounting-Trade,RHQ,SH,Export 2017-06-9/10,,,IN,,2018-05-01 06:23:48 UTC,,,,,,,
000000000435,,B005003,90402-RHQ,Accounting-Trade,RHQ,SH,Export 2017-06-8/10,,,IN,,2018-05-01 06:23:48 UTC,,,,,,,
000000000434,,B005003,90402-RHQ,Accounting-Trade,RHQ,SH,Export 2017-06-7/10,,,IN,,2018-05-01 06:23:48 UTC,,,,,,,
000000000433,,B005003,90402-RHQ,Accounting-Trade,RHQ,SH,Export 2017-06-6/10,,,IN,,2018-05-01 06:23:48 UTC,,,,,,,
000000000432,,B005003,90402-RHQ,Accounting-Trade,RHQ,SH,Export 2017-06-5/10,,,IN,,2018-05-01 06:23:48 UTC,,,,,,,
000000000431,,B005003,90402-RHQ,Accounting-Trade,RHQ,SH,Export 2017-06-4/10,,,IN,,2018-05-01 06:23:48 UTC,,,,,,,
000000000430,,B005003,90402-RHQ,Accounting-Trade,RHQ,SH,Export 2017-06-3/10,,,IN,,2018-05-01 06:23:48 UTC,,,,,,,
000000000429,,B005002,90402-RHQ,Accounting-Trade,RHQ,SH,Export 2017-06-2/10,,,IN,,2018-05-01 06:23:48 UTC,,,,,,,
000000000428,,B005002,90402-RHQ,Accounting-Trade,RHQ,SH,Export 2017-06-1/10,,,IN,,2018-05-01 06:23:48 UTC,,,,,,,
000000000427,,B005002,90402-RHQ,Accounting-Trade,RHQ,SH,Export 2017-05-12/12,,,IN,,2018-05-01 06:23:48 UTC,,,,,,,
000000000426,,B005002,90402-RHQ,Accounting-Trade,RHQ,SH,Export 2017-05-11/12,,,IN,,2018-05-01 06:23:48 UTC,,,,,,,
000000000425,,B005002,90402-RHQ,Accounting-Trade,RHQ,SH,Export 2017-05-10/12,,,IN,,2018-05-01 06:23:48 UTC,,,,,,,
000000000424,,B005002,90402-RHQ,Accounting-Trade,RHQ,SH,Export 2017-05-9/12,,,IN,,2018-05-01 06:23:48 UTC,,,,,,,
000000000423,,B005002,90402-RHQ,Accounting-Trade,RHQ,SH,Export 2017-05-8/12,,,IN,,2018-05-01 06:23:48 UTC,,,,,,,
000000000422,,B005002,90402-RHQ,Accounting-Trade,RHQ,SH,Export 2017-05-7/12,,,IN,,2018-05-01 06:23:48 UTC,,,,,,,
000000000421,,B005002,90402-RHQ,Accounting-Trade,RHQ,SH,Export 2017-05-6/12,,,IN,,2018-05-01 06:23:48 UTC,,,,,,,
000000000420,,B005002,90402-RHQ,Accounting-Trade,RHQ,SH,Export 2017-05-5/12,,,IN,,2018-05-01 06:23:48 UTC,,,,,,,
000000000419,,B005002,90402-RHQ,Accounting-Trade,RHQ,SH,Export 2017-05-4/12,,,IN,,2018-05-01 06:23:48 UTC,,,,,,,
000000000418,,B005002,90402-RHQ,Accounting-Trade,RHQ,SH,Export 2017-05-3/12,,,IN,,2018-05-01 06:23:48 UTC,,,,,,,
000000000417,,B005002,90402-RHQ,Accounting-Trade,RHQ,SH,Export 2017-05-2/12,,,IN,,2018-05-01 06:23:48 UTC,,,,,,,
000000000416,,B005002,90402-RHQ,Accounting-Trade,RHQ,SH,Export 2017-05-1/12,,,IN,,2018-05-01 06:23:48 UTC,,,,,,,
000000000415,,B005002,90402-RHQ,Accounting-Trade,RHQ,SH,Export 2017-04-12/12,,,IN,,2018-05-01 06:23:48 UTC,,,,,,,
000000000414,,B005002,90402-RHQ,Accounting-Trade,RHQ,SH,Export 2017-04-11/12,,,IN,,2018-05-01 06:23:48 UTC,,,,,,,
000000000413,,B005002,90402-RHQ,Accounting-Trade,RHQ,SH,Export 2017-04-10/12,,,IN,,2018-05-01 06:23:48 UTC,,,,,,,
000000000412,,B005002,90402-RHQ,Accounting-Trade,RHQ,SH,Export 2017-04-9/12,,,IN,,2018-05-01 06:23:48 UTC,,,,,,,
000000000411,,B005002,90402-RHQ,Accounting-Trade,RHQ,SH,Export 2017-04-8/12,,,IN,,2018-05-01 06:23:48 UTC,,,,,,,
000000000410,,B005002,90402-RHQ,Accounting-Trade,RHQ,SH,Export 2017-04-7/12,,,IN,,2018-05-01 06:23:48 UTC,,,,,,,
000000000409,,B005002,90402-RHQ,Accounting-Trade,RHQ,SH,Export 2017-04-6/12,,,IN,,2018-05-01 06:23:48 UTC,,,,,,,
000000000408,,B005002,90402-RHQ,Accounting-Trade,RHQ,SH,Export 2017-04-5/12,,,IN,,2018-05-01 06:23:48 UTC,,,,,,,
000000000407,,B005002,90402-RHQ,Accounting-Trade,RHQ,SH,Export 2017-04-4/12,,,IN,,2018-05-01 06:23:48 UTC,,,,,,,
000000000406,,B005002,90402-RHQ,Accounting-Trade,RHQ,SH,Export 2017-04-3/12,,,IN,,2018-05-01 06:23:48 UTC,,,,,,,
000000000405,,B005002,90402-RHQ,Accounting-Trade,RHQ,SH,Export 2017-04-2/12,,,IN,,2018-05-01 06:23:48 UTC,,,,,,,
000000000404,,B005002,90402-RHQ,Accounting-Trade,RHQ,SH,Export 2017-04-1/12,,,IN,,2018-05-01 06:23:48 UTC,,,,,,,
000000000403,,B005002,90402-RHQ,Accounting-Trade,RHQ,SH,Export 2017-03-16/16,,,IN,,2018-05-01 06:23:48 UTC,,,,,,,
000000000402,,B005002,90402-RHQ,Accounting-Trade,RHQ,SH,Export 2017-03-15/16,,,IN,,2018-05-01 06:23:48 UTC,,,,,,,
000000000401,,B005002,90402-RHQ,Accounting-Trade,RHQ,SH,Export 2017-03-14/16,,,IN,,2018-05-01 06:23:48 UTC,,,,,,,
000000000400,,B005002,90402-RHQ,Accounting-Trade,RHQ,SH,Export 2017-03-13/16,,,IN,,2018-05-01 06:23:48 UTC,,,,,,,
000000000399,,B005002,90402-RHQ,Accounting-Trade,RHQ,SH,Export 2017-03-12/16,,,IN,,2018-05-01 06:23:48 UTC,,,,,,,
000000000398,,B005002,90402-RHQ,Accounting-Trade,RHQ,SH,Export 2017-03-11/16,,,IN,,2018-05-01 06:23:48 UTC,,,,,,,
000000000397,,B005002,90402-RHQ,Accounting-Trade,RHQ,SH,Export 2017-03-10/16,,,IN,,2018-05-01 06:23:48 UTC,,,,,,,
000000000396,,B005002,90402-RHQ,Accounting-Trade,RHQ,SH,Export 2017-03-9/16,,,IN,,2018-05-01 06:23:48 UTC,,,,,,,
000000000395,,B005001,90402-RHQ,Accounting-Trade,RHQ,SH,Export 2017-03-8/16,,,IN,,2018-05-01 06:23:48 UTC,,,,,,,
000000000394,,B005001,90402-RHQ,Accounting-Trade,RHQ,SH,Export 2017-03-7/16,,,IN,,2018-05-01 06:23:48 UTC,,,,,,,
000000000393,,B005001,90402-RHQ,Accounting-Trade,RHQ,SH,Export 2017-03-6/16,,,IN,,2018-05-01 06:23:48 UTC,,,,,,,
000000000392,,B005001,90402-RHQ,Accounting-Trade,RHQ,SH,Export 2017-03-5/16,,,IN,,2018-05-01 06:23:48 UTC,,,,,,,
000000000391,,B005001,90402-RHQ,Accounting-Trade,RHQ,SH,Export 2017-03-4/16,,,IN,,2018-05-01 06:23:48 UTC,,,,,,,
000000000390,,B005001,90402-RHQ,Accounting-Trade,RHQ,SH,Export 2017-03-3/16,,,IN,,2018-05-01 06:23:48 UTC,,,,,,,
000000000389,,B005001,90402-RHQ,Accounting-Trade,RHQ,SH,Export 2017-03-2/16,,,IN,,2018-05-01 06:23:48 UTC,,,,,,,
000000000388,,B005001,90402-RHQ,Accounting-Trade,RHQ,SH,Export 2017-03-1/16,,,IN,,2018-05-01 06:23:48 UTC,,,,,,,
000000000387,,B005001,90402-RHQ,Accounting-Trade,RHQ,SH,Export 2017-02-14/14,,,IN,,2018-05-01 06:23:48 UTC,,,,,,,
000000000386,,B005001,90402-RHQ,Accounting-Trade,RHQ,SH,Export 2017-02-13/14,,,IN,,2018-05-01 06:23:48 UTC,,,,,,,
000000000385,,B005001,90402-RHQ,Accounting-Trade,RHQ,SH,Export 2017-02-12/14,,,IN,,2018-05-01 06:23:48 UTC,,,,,,,
000000000384,,B005001,90402-RHQ,Accounting-Trade,RHQ,SH,Export 2017-02-11/14,,,IN,,2018-05-01 06:23:48 UTC,,,,,,,
000000000383,,B005001,90402-RHQ,Accounting-Trade,RHQ,SH,Export 2017-02-10/14,,,IN,,2018-05-01 06:23:48 UTC,,,,,,,
000000000382,,B005001,90402-RHQ,Accounting-Trade,RHQ,SH,Export 2017-02-9/14,,,IN,,2018-05-01 06:23:48 UTC,,,,,,,
000000000381,,B005001,90402-RHQ,Accounting-Trade,RHQ,SH,Export 2017-02-8/14,,,IN,,2018-05-01 06:23:48 UTC,,,,,,,
000000000380,,B005001,90402-RHQ,Accounting-Trade,RHQ,SH,Export 2017-02-7/14,,,IN,,2018-05-01 06:23:48 UTC,,,,,,,
000000000379,,B005001,90402-RHQ,Accounting-Trade,RHQ,SH,Export 2017-02-6/14,,,IN,,2018-05-01 06:23:48 UTC,,,,,,,
000000000378,,B005001,90402-RHQ,Accounting-Trade,RHQ,SH,Export 2017-02-5/14,,,IN,,2018-05-01 06:23:48 UTC,,,,,,,
000000000377,,B005001,90402-RHQ,Accounting-Trade,RHQ,SH,Export 2017-02-4/14,,,IN,,2018-05-01 06:23:48 UTC,,,,,,,
000000000376,,B005001,90402-RHQ,Accounting-Trade,RHQ,SH,Export 2017-02-3/14,,,IN,,2018-05-01 06:23:48 UTC,,,,,,,
000000000375,,B005001,90402-RHQ,Accounting-Trade,RHQ,SH,Export 2017-02-2/14,,,IN,,2018-05-01 06:23:48 UTC,,,,,,,
000000000374,,B005001,90402-RHQ,Accounting-Trade,RHQ,SH,Export 2017-02-1/14,,,IN,,2018-05-01 06:23:48 UTC,,,,,,,
000000000373,,B005001,90402-RHQ,Accounting-Trade,RHQ,SH,Export 2017-01-12/12,,,IN,,2018-05-01 06:23:48 UTC,,,,,,,
000000000372,,B005001,90402-RHQ,Accounting-Trade,RHQ,SH,Export 2017-01-11/12,,,IN,,2018-05-01 06:23:48 UTC,,,,,,,
000000000371,,B005001,90402-RHQ,Accounting-Trade,RHQ,SH,Export 2017-01-10/12,,,IN,,2018-05-01 06:23:48 UTC,,,,,,,
000000000370,,B005001,90402-RHQ,Accounting-Trade,RHQ,SH,Export 2017-01-9/12,,,IN,,2018-05-01 06:23:48 UTC,,,,,,,
000000000369,,B005001,90402-RHQ,Accounting-Trade,RHQ,SH,Export 2017-01-8/12,,,IN,,2018-05-01 06:23:48 UTC,,,,,,,
000000000368,,B005001,90402-RHQ,Accounting-Trade,RHQ,SH,Export 2017-01-7/12,,,IN,,2018-05-01 06:23:48 UTC,,,,,,,
000000000367,,B005001,90402-RHQ,Accounting-Trade,RHQ,SH,Export 2017-01-6/12,,,IN,,2018-05-01 06:23:48 UTC,,,,,,,
000000000366,,B005001,90402-RHQ,Accounting-Trade,RHQ,SH,Export 2017-01-5/12,,,IN,,2018-05-01 06:23:48 UTC,,,,,,,
000000000365,,B005001,90402-RHQ,Accounting-Trade,RHQ,SH,Export 2017-01-4/12,,,IN,,2018-05-01 06:23:48 UTC,,,,,,,
000000000364,,B005001,90402-RHQ,Accounting-Trade,RHQ,SH,Export 2017-01-3/12,,,IN,,2018-05-01 06:23:47 UTC,,,,,,,
000000000363,,B005001,90402-RHQ,Accounting-Trade,RHQ,SH,Export 2017-01-2/12,,,IN,,2018-05-01 06:23:47 UTC,,,,,,,
000000000362,,B005001,90402-RHQ,Accounting-Trade,RHQ,SH,Export 2017-01-1/12,,,IN,,2018-05-01 06:23:47 UTC,,,,,,,
000000000361,,B004002,90402-RHQ,Accounting-Trade,RHQ,SH,GL 2018-01-5/5,,,IN,,2018-05-01 06:23:47 UTC,,,,,,,
000000000360,,B004002,90402-RHQ,Accounting-Trade,RHQ,SH,GL 2018-01-4/5,,,IN,,2018-05-01 06:23:47 UTC,,,,,,,
000000000359,,B004002,90402-RHQ,Accounting-Trade,RHQ,SH,GL 2018-01-3/5,,,IN,,2018-05-01 06:23:47 UTC,,,,,,,
000000000358,,B004002,90402-RHQ,Accounting-Trade,RHQ,SH,GL 2018-01-2/5,,,IN,,2018-05-01 06:23:47 UTC,,,,,,,
000000000357,,B004002,90402-RHQ,Accounting-Trade,RHQ,SH,GL 2018-01-1/5,,,IN,,2018-05-01 06:23:47 UTC,,,,,,,
000000000356,,B004002,90402-RHQ,Accounting-Trade,RHQ,SH,GL 2017-12-4/4,,,IN,,2018-05-01 06:23:47 UTC,,,,,,,
000000000355,,B004002,90402-RHQ,Accounting-Trade,RHQ,SH,GL 2017-12-3/4,,,IN,,2018-05-01 06:23:47 UTC,,,,,,,
000000000354,,B004002,90402-RHQ,Accounting-Trade,RHQ,SH,GL 2017-12-2/4,,,IN,,2018-05-01 06:23:47 UTC,,,,,,,
000000000353,,B004002,90402-RHQ,Accounting-Trade,RHQ,SH,GL 2017-12-1/4,,,IN,,2018-05-01 06:23:47 UTC,,,,,,,
000000000352,,B004002,90402-RHQ,Accounting-Trade,RHQ,SH,GL 2017-11-4/4,,,IN,,2018-05-01 06:23:47 UTC,,,,,,,
000000000351,,B004002,90402-RHQ,Accounting-Trade,RHQ,SH,GL 2017-11-3/4,,,IN,,2018-05-01 06:23:47 UTC,,,,,,,
000000000350,,B004002,90402-RHQ,Accounting-Trade,RHQ,SH,GL 2017-11-2/4,,,IN,,2018-05-01 06:23:47 UTC,,,,,,,
000000000349,,B004002,90402-RHQ,Accounting-Trade,RHQ,SH,GL 2017-11-1/4,,,IN,,2018-05-01 06:23:47 UTC,,,,,,,
000000000348,,B004002,90402-RHQ,Accounting-Trade,RHQ,SH,GL 2017-10-7/7,,,IN,,2018-05-01 06:23:47 UTC,,,,,,,
000000000347,,B004002,90402-RHQ,Accounting-Trade,RHQ,SH,GL 2017-10-6/7,,,IN,,2018-05-01 06:23:47 UTC,,,,,,,
000000000346,,B004002,90402-RHQ,Accounting-Trade,RHQ,SH,GL 2017-10-5/7,,,IN,,2018-05-01 06:23:47 UTC,,,,,,,
000000000345,,B004002,90402-RHQ,Accounting-Trade,RHQ,SH,GL 2017-10-4/7,,,IN,,2018-05-01 06:23:47 UTC,,,,,,,
000000000344,,B004002,90402-RHQ,Accounting-Trade,RHQ,SH,GL 2017-10-3/7,,,IN,,2018-05-01 06:23:47 UTC,,,,,,,
000000000343,,B004002,90402-RHQ,Accounting-Trade,RHQ,SH,GL 2017-10-2/7,,,IN,,2018-05-01 06:23:47 UTC,,,,,,,
000000000342,,B004002,90402-RHQ,Accounting-Trade,RHQ,SH,GL 2017-10-1/7,,,IN,,2018-05-01 06:23:47 UTC,,,,,,,
000000000341,,B004002,90402-RHQ,Accounting-Trade,RHQ,SH,GL 2017-09-4/4,,,IN,,2018-05-01 06:23:47 UTC,,,,,,,
000000000340,,B004002,90402-RHQ,Accounting-Trade,RHQ,SH,GL 2017-09-3/4,,,IN,,2018-05-01 06:23:47 UTC,,,,,,,
000000000339,,B004002,90402-RHQ,Accounting-Trade,RHQ,SH,GL 2017-09-2/4,,,IN,,2018-05-01 06:23:47 UTC,,,,,,,
000000000338,,B004002,90402-RHQ,Accounting-Trade,RHQ,SH,GL 2017-09-1/4,,,IN,,2018-05-01 06:23:47 UTC,,,,,,,
000000000337,,B004002,90402-RHQ,Accounting-Trade,RHQ,SH,GL 2017-08-6/6,,,IN,,2018-05-01 06:23:47 UTC,,,,,,,
000000000336,,B004002,90402-RHQ,Accounting-Trade,RHQ,SH,GL 2017-08-5/6,,,IN,,2018-05-01 06:23:47 UTC,,,,,,,
000000000335,,B004002,90402-RHQ,Accounting-Trade,RHQ,SH,GL 2017-08-4/6,,,IN,,2018-05-01 06:23:47 UTC,,,,,,,
000000000334,,B004002,90402-RHQ,Accounting-Trade,RHQ,SH,GL 2017-08-3/6,,,IN,,2018-05-01 06:23:47 UTC,,,,,,,
000000000333,,B004001,90402-RHQ,Accounting-Trade,RHQ,SH,GL 2017-08-2/6,,,IN,,2018-05-01 06:23:47 UTC,,,,,,,
000000000332,,B004001,90402-RHQ,Accounting-Trade,RHQ,SH,GL 2017-08-1/6,,,IN,,2018-05-01 06:23:47 UTC,,,,,,,
000000000331,,B004001,90402-RHQ,Accounting-Trade,RHQ,SH,GL 2017-07-4/4,,,IN,,2018-05-01 06:23:47 UTC,,,,,,,
000000000330,,B004001,90402-RHQ,Accounting-Trade,RHQ,SH,GL 2017-07-3/4,,,IN,,2018-05-01 06:23:47 UTC,,,,,,,
000000000329,,B004001,90402-RHQ,Accounting-Trade,RHQ,SH,GL 2017-07-2/4,,,IN,,2018-05-01 06:23:47 UTC,,,,,,,
000000000328,,B004001,90402-RHQ,Accounting-Trade,RHQ,SH,GL 2017-07-1/4,,,IN,,2018-05-01 06:23:47 UTC,,,,,,,
000000000327,,B004001,90402-RHQ,Accounting-Trade,RHQ,SH,GL 2017-06-5/5,,,IN,,2018-05-01 06:23:47 UTC,,,,,,,
000000000326,,B004001,90402-RHQ,Accounting-Trade,RHQ,SH,GL 2017-06-4/5,,,IN,,2018-05-01 06:23:47 UTC,,,,,,,
000000000325,,B004001,90402-RHQ,Accounting-Trade,RHQ,SH,GL 2017-06-3/5,,,IN,,2018-05-01 06:23:47 UTC,,,,,,,
000000000324,,B004001,90402-RHQ,Accounting-Trade,RHQ,SH,GL 2017-06-2/5,,,IN,,2018-05-01 06:23:47 UTC,,,,,,,
000000000323,,B004001,90402-RHQ,Accounting-Trade,RHQ,SH,GL 2017-06-1/5,,,IN,,2018-05-01 06:23:47 UTC,,,,,,,
000000000322,,B004001,90402-RHQ,Accounting-Trade,RHQ,SH,GL 2017-05-3/3,,,IN,,2018-05-01 06:23:47 UTC,,,,,,,
000000000321,,B004001,90402-RHQ,Accounting-Trade,RHQ,SH,GL 2017-05-2/3,,,IN,,2018-05-01 06:23:47 UTC,,,,,,,
000000000320,,B004001,90402-RHQ,Accounting-Trade,RHQ,SH,GL 2017-05-1/3,,,IN,,2018-05-01 06:23:47 UTC,,,,,,,
000000000319,,B004001,90402-RHQ,Accounting-Trade,RHQ,SH,GL 2017-04-3/3,,,IN,,2018-05-01 06:23:47 UTC,,,,,,,
000000000318,,B004001,90402-RHQ,Accounting-Trade,RHQ,SH,GL 2017-04-2/3,,,IN,,2018-05-01 06:23:47 UTC,,,,,,,
000000000317,,B004001,90402-RHQ,Accounting-Trade,RHQ,SH,GL 2017-04-1/3,,,IN,,2018-05-01 06:23:47 UTC,,,,,,,
000000000316,,B004001,90402-RHQ,Accounting-Trade,RHQ,SH,GL 2017-03-3/3,,,IN,,2018-05-01 06:23:47 UTC,,,,,,,
000000000315,,B004001,90402-RHQ,Accounting-Trade,RHQ,SH,GL 2017-03-2/3,,,IN,,2018-05-01 06:23:47 UTC,,,,,,,
000000000314,,B004001,90402-RHQ,Accounting-Trade,RHQ,SH,GL 2017-03-1/3,,,IN,,2018-05-01 06:23:47 UTC,,,,,,,
000000000313,,B004001,90402-RHQ,Accounting-Trade,RHQ,SH,GL 2017-02-2/2,,,IN,,2018-05-01 06:23:47 UTC,,,,,,,
000000000312,,B004001,90402-RHQ,Accounting-Trade,RHQ,SH,GL 2017-02-1/2,,,IN,,2018-05-01 06:23:47 UTC,,,,,,,
000000000311,,B004001,90402-RHQ,Accounting-Trade,RHQ,SH,GL 2017-01-3/3,,,IN,,2018-05-01 06:23:47 UTC,,,,,,,
000000000310,,B004001,90402-RHQ,Accounting-Trade,RHQ,SH,GL 2017-01-2/3,,,IN,,2018-05-01 06:23:47 UTC,,,,,,,
000000000309,,B004001,90402-RHQ,Accounting-Trade,RHQ,SH,GL 2017-01-1/3,,,IN,,2018-05-01 06:23:47 UTC,,,,,,,
000000000308,,B001005,90402-RHQ,Accounting-Trade,RHQ,SH,AP 2017-09-9/9,,,IN,,2018-05-01 06:23:47 UTC,,,,,,,
000000000307,,B001005,90402-RHQ,Accounting-Trade,RHQ,SH,AP 2017-09-8/9,,,IN,,2018-05-01 06:23:47 UTC,,,,,,,
000000000306,,B001005,90402-RHQ,Accounting-Trade,RHQ,SH,AP 2017-09-7/9,,,IN,,2018-05-01 06:23:47 UTC,,,,,,,
000000000305,,B001005,90402-RHQ,Accounting-Trade,RHQ,SH,AP 2017-09-6/9,,,IN,,2018-05-01 06:23:47 UTC,,,,,,,
000000000304,,B001005,90402-RHQ,Accounting-Trade,RHQ,SH,AP 2017-09-5/9,,,IN,,2018-05-01 06:23:47 UTC,,,,,,,
000000000303,,B001005,90402-RHQ,Accounting-Trade,RHQ,SH,AP 2017-09-4/9,,,IN,,2018-05-01 06:23:47 UTC,,,,,,,
000000000302,,B001005,90402-RHQ,Accounting-Trade,RHQ,SH,AP 2017-09-3/9,,,IN,,2018-05-01 06:23:47 UTC,,,,,,,
000000000301,,B001005,90402-RHQ,Accounting-Trade,RHQ,SH,AP 2017-09-2/9,,,IN,,2018-05-01 06:23:47 UTC,,,,,,,
000000000300,,B001005,90402-RHQ,Accounting-Trade,RHQ,SH,AP 2017-09-1/9,,,IN,,2018-05-01 06:23:47 UTC,,,,,,,
000000000299,,B001005,90402-RHQ,Accounting-Trade,RHQ,SH,AP 2017-08-13/13,,,IN,,2018-05-01 06:23:47 UTC,,,,,,,
000000000298,,B001005,90402-RHQ,Accounting-Trade,RHQ,SH,AP 2017-08-12/13,,,IN,,2018-05-01 06:23:47 UTC,,,,,,,
000000000297,,B001005,90402-RHQ,Accounting-Trade,RHQ,SH,AP 2017-08-11/13,,,IN,,2018-05-01 06:23:47 UTC,,,,,,,
000000000296,,B001005,90402-RHQ,Accounting-Trade,RHQ,SH,AP 2017-08-10/13,,,IN,,2018-05-01 06:23:47 UTC,,,,,,,
000000000295,,B001005,90402-RHQ,Accounting-Trade,RHQ,SH,AP 2017-08-9/13,,,IN,,2018-05-01 06:23:47 UTC,,,,,,,
000000000294,,B001005,90402-RHQ,Accounting-Trade,RHQ,SH,AP 2017-08-8/13,,,IN,,2018-05-01 06:23:47 UTC,,,,,,,
000000000293,,B001005,90402-RHQ,Accounting-Trade,RHQ,SH,AP 2017-08-7/13,,,IN,,2018-05-01 06:23:47 UTC,,,,,,,
000000000292,,B001005,90402-RHQ,Accounting-Trade,RHQ,SH,AP 2017-08-6/13,,,IN,,2018-05-01 06:23:47 UTC,,,,,,,
000000000291,,B001005,90402-RHQ,Accounting-Trade,RHQ,SH,AP 2017-08-5/13,,,IN,,2018-05-01 06:23:47 UTC,,,,,,,
000000000290,,B001005,90402-RHQ,Accounting-Trade,RHQ,SH,AP 2017-08-4/13,,,IN,,2018-05-01 06:23:47 UTC,,,,,,,
000000000289,,B001005,90402-RHQ,Accounting-Trade,RHQ,SH,AP 2017-08-3/13,,,IN,,2018-05-01 06:23:47 UTC,,,,,,,
000000000288,,B001005,90402-RHQ,Accounting-Trade,RHQ,SH,AP 2017-08-2/13,,,IN,,2018-05-01 06:23:47 UTC,,,,,,,
000000000287,,B001005,90402-RHQ,Accounting-Trade,RHQ,SH,AP 2017-08-1/13,,,IN,,2018-05-01 06:23:47 UTC,,,,,,,
000000000286,,B001004,90402-RHQ,Accounting-Trade,RHQ,SH,AP 2017-07-10/10,,,IN,,2018-05-01 06:23:47 UTC,,,,,,,
000000000285,,B001004,90402-RHQ,Accounting-Trade,RHQ,SH,AP 2017-07-9/10,,,IN,,2018-05-01 06:23:47 UTC,,,,,,,
000000000284,,B001004,90402-RHQ,Accounting-Trade,RHQ,SH,AP 2017-07-8/10,,,IN,,2018-05-01 06:23:47 UTC,,,,,,,
000000000283,,B001004,90402-RHQ,Accounting-Trade,RHQ,SH,AP 2017-07-7/10,,,IN,,2018-05-01 06:23:47 UTC,,,,,,,
000000000282,,B001004,90402-RHQ,Accounting-Trade,RHQ,SH,AP 2017-07-6/10,,,IN,,2018-05-01 06:23:47 UTC,,,,,,,
000000000281,,B001004,90402-RHQ,Accounting-Trade,RHQ,SH,AP 2017-07-5/10,,,IN,,2018-05-01 06:23:47 UTC,,,,,,,
000000000280,,B001004,90402-RHQ,Accounting-Trade,RHQ,SH,AP 2017-07-4/10,,,IN,,2018-05-01 06:23:47 UTC,,,,,,,
000000000279,,B001004,90402-RHQ,Accounting-Trade,RHQ,SH,AP 2017-07-3/10,,,IN,,2018-05-01 06:23:47 UTC,,,,,,,
000000000278,,B001004,90402-RHQ,Accounting-Trade,RHQ,SH,AP 2017-07-2/10,,,IN,,2018-05-01 06:23:47 UTC,,,,,,,
000000000277,,B001004,90402-RHQ,Accounting-Trade,RHQ,SH,AP 2017-07-1/10,,,IN,,2018-05-01 06:23:46 UTC,,,,,,,
000000000276,,B001004,90402-RHQ,Accounting-Trade,RHQ,SH,AP 2017-06-10/10,,,IN,,2018-05-01 06:23:46 UTC,,,,,,,
000000000275,,B001004,90402-RHQ,Accounting-Trade,RHQ,SH,AP 2017-06-9/10,,,IN,,2018-05-01 06:23:46 UTC,,,,,,,
000000000274,,B001004,90402-RHQ,Accounting-Trade,RHQ,SH,AP 2017-06-8/10,,,IN,,2018-05-01 06:23:46 UTC,,,,,,,
000000000273,,B001004,90402-RHQ,Accounting-Trade,RHQ,SH,AP 2017-06-7/10,,,IN,,2018-05-01 06:23:46 UTC,,,,,,,
000000000272,,B001004,90402-RHQ,Accounting-Trade,RHQ,SH,AP 2017-06-6/10,,,IN,,2018-05-01 06:23:46 UTC,,,,,,,
000000000271,,B001004,90402-RHQ,Accounting-Trade,RHQ,SH,AP 2017-06-5/10,,,IN,,2018-05-01 06:23:46 UTC,,,,,,,
000000000270,,B001004,90402-RHQ,Accounting-Trade,RHQ,SH,AP 2017-06-4/10,,,IN,,2018-05-01 06:23:46 UTC,,,,,,,
000000000269,,B001004,90402-RHQ,Accounting-Trade,RHQ,SH,AP 2017-06-3/10,,,IN,,2018-05-01 06:23:46 UTC,,,,,,,
000000000268,,B001003,90402-RHQ,Accounting-Trade,RHQ,SH,AP 2017-06-2/10,,,IN,,2018-05-01 06:23:46 UTC,,,,,,,
000000000267,,B001003,90402-RHQ,Accounting-Trade,RHQ,SH,AP 2017-06-1/10,,,IN,,2018-05-01 06:23:46 UTC,,,,,,,
000000000266,,B001003,90402-RHQ,Accounting-Trade,RHQ,SH,AP 2017-05-13/13,,,IN,,2018-05-01 06:23:46 UTC,,,,,,,
000000000265,,B001003,90402-RHQ,Accounting-Trade,RHQ,SH,AP 2017-05-12/13,,,IN,,2018-05-01 06:23:46 UTC,,,,,,,
000000000264,,B001003,90402-RHQ,Accounting-Trade,RHQ,SH,AP 2017-05-11/13,,,IN,,2018-05-01 06:23:46 UTC,,,,,,,
000000000263,,B001003,90402-RHQ,Accounting-Trade,RHQ,SH,AP 2017-05-10/13,,,IN,,2018-05-01 06:23:46 UTC,,,,,,,
000000000262,,B001003,90402-RHQ,Accounting-Trade,RHQ,SH,AP 2017-05-9/13,,,IN,,2018-05-01 06:23:46 UTC,,,,,,,
000000000261,,B001003,90402-RHQ,Accounting-Trade,RHQ,SH,AP 2017-05-8/13,,,IN,,2018-05-01 06:23:46 UTC,,,,,,,
000000000260,,B001003,90402-RHQ,Accounting-Trade,RHQ,SH,AP 2017-05-7/13,,,IN,,2018-05-01 06:23:46 UTC,,,,,,,
000000000259,,B001003,90402-RHQ,Accounting-Trade,RHQ,SH,AP 2017-05-6/13,,,IN,,2018-05-01 06:23:46 UTC,,,,,,,
000000000258,,B001003,90402-RHQ,Accounting-Trade,RHQ,SH,AP 2017-05-5/13,,,IN,,2018-05-01 06:23:46 UTC,,,,,,,
000000000257,,B001003,90402-RHQ,Accounting-Trade,RHQ,SH,AP 2017-05-4/13,,,IN,,2018-05-01 06:23:46 UTC,,,,,,,
000000000256,,B001003,90402-RHQ,Accounting-Trade,RHQ,SH,AP 2017-05-3/13,,,IN,,2018-05-01 06:23:46 UTC,,,,,,,
000000000255,,B001003,90402-RHQ,Accounting-Trade,RHQ,SH,AP 2017-05-2/13,,,IN,,2018-05-01 06:23:46 UTC,,,,,,,
000000000254,,B001003,90402-RHQ,Accounting-Trade,RHQ,SH,AP 2017-05-1/13,,,IN,,2018-05-01 06:23:46 UTC,,,,,,,
000000000253,,B001003,90402-RHQ,Accounting-Trade,RHQ,SH,AP 2017-04-7/7,,,IN,,2018-05-01 06:23:46 UTC,,,,,,,
000000000252,,B001002,90402-RHQ,Accounting-Trade,RHQ,SH,AP 2017-04-6/7,,,IN,,2018-05-01 06:23:46 UTC,,,,,,,
000000000251,,B001002,90402-RHQ,Accounting-Trade,RHQ,SH,AP 2017-04-5/7,,,IN,,2018-05-01 06:23:46 UTC,,,,,,,
000000000250,,B001002,90402-RHQ,Accounting-Trade,RHQ,SH,AP 2017-04-4/7,,,IN,,2018-05-01 06:23:46 UTC,,,,,,,
000000000249,,B001002,90402-RHQ,Accounting-Trade,RHQ,SH,AP 2017-04-3/7,,,IN,,2018-05-01 06:23:46 UTC,,,,,,,
000000000248,,B001002,90402-RHQ,Accounting-Trade,RHQ,SH,AP 2017-04-2/7,,,IN,,2018-05-01 06:23:46 UTC,,,,,,,
000000000247,,B001002,90402-RHQ,Accounting-Trade,RHQ,SH,AP 2017-04-1/7,,,IN,,2018-05-01 06:23:46 UTC,,,,,,,
000000000246,,B001002,90402-RHQ,Accounting-Trade,RHQ,SH,AP 2017-03-9/9,,,IN,,2018-05-01 06:23:46 UTC,,,,,,,
000000000245,,B001002,90402-RHQ,Accounting-Trade,RHQ,SH,AP 2017-03-8/9,,,IN,,2018-05-01 06:23:46 UTC,,,,,,,
000000000244,,B001002,90402-RHQ,Accounting-Trade,RHQ,SH,AP 2017-03-7/9,,,IN,,2018-05-01 06:23:46 UTC,,,,,,,
000000000243,,B001002,90402-RHQ,Accounting-Trade,RHQ,SH,AP 2017-03-6/9,,,IN,,2018-05-01 06:23:46 UTC,,,,,,,
000000000242,,B001002,90402-RHQ,Accounting-Trade,RHQ,SH,AP 2017-03-5/9,,,IN,,2018-05-01 06:23:46 UTC,,,,,,,
000000000241,,B001002,90402-RHQ,Accounting-Trade,RHQ,SH,AP 2017-03-4/9,,,IN,,2018-05-01 06:23:46 UTC,,,,,,,
000000000240,,B001002,90402-RHQ,Accounting-Trade,RHQ,SH,AP 2017-03-3/9,,,IN,,2018-05-01 06:23:46 UTC,,,,,,,
000000000239,,B001002,90402-RHQ,Accounting-Trade,RHQ,SH,AP 2017-03-2/9,,,IN,,2018-05-01 06:23:46 UTC,,,,,,,
000000000238,,B001002,90402-RHQ,Accounting-Trade,RHQ,SH,AP 2017-03-1/9,,,IN,,2018-05-01 06:23:46 UTC,,,,,,,
000000000237,,B001001,90402-RHQ,Accounting-Trade,RHQ,SH,AP 2017-02-7/7,,,IN,,2018-05-01 06:23:46 UTC,,,,,,,
000000000236,,B001001,90402-RHQ,Accounting-Trade,RHQ,SH,AP 2017-02-6/7,,,IN,,2018-05-01 06:23:46 UTC,,,,,,,
000000000235,,B001001,90402-RHQ,Accounting-Trade,RHQ,SH,AP 2017-02-5/7,,,IN,,2018-05-01 06:23:46 UTC,,,,,,,
000000000234,,B001001,90402-RHQ,Accounting-Trade,RHQ,SH,AP 2017-02-4/7,,,IN,,2018-05-01 06:23:46 UTC,,,,,,,
000000000233,,B001001,90402-RHQ,Accounting-Trade,RHQ,SH,AP 2017-02-3/7,,,IN,,2018-05-01 06:23:46 UTC,,,,,,,
000000000232,,B001001,90402-RHQ,Accounting-Trade,RHQ,SH,AP 2017-02-2/7,,,IN,,2018-05-01 06:23:46 UTC,,,,,,,
000000000231,,B001001,90402-RHQ,Accounting-Trade,RHQ,SH,AP 2017-02-1/7,,,IN,,2018-05-01 06:23:46 UTC,,,,,,,
000000000230,,B001001,90402-RHQ,Accounting-Trade,RHQ,SH,AP 2017-01-8/8,,,IN,,2018-05-01 06:23:46 UTC,,,,,,,
000000000229,,B001001,90402-RHQ,Accounting-Trade,RHQ,SH,AP 2017-01-7/8,,,IN,,2018-05-01 06:23:46 UTC,,,,,,,
000000000228,,B001001,90402-RHQ,Accounting-Trade,RHQ,SH,AP 2017-01-6/8,,,IN,,2018-05-01 06:23:46 UTC,,,,,,,
000000000227,,B001001,90402-RHQ,Accounting-Trade,RHQ,SH,AP 2017-01-5/8,,,IN,,2018-05-01 06:23:46 UTC,,,,,,,
000000000226,,B001001,90402-RHQ,Accounting-Trade,RHQ,SH,AP 2017-01-4/8,,,IN,,2018-05-01 06:23:46 UTC,,,,,,,
000000000225,,B001001,90402-RHQ,Accounting-Trade,RHQ,SH,AP 2017-01-3/8,,,IN,,2018-05-01 06:23:46 UTC,,,,,,,
000000000224,,B001001,90402-RHQ,Accounting-Trade,RHQ,SH,AP 2017-01-2/8,,,IN,,2018-05-01 06:23:46 UTC,,,,,,,
000000000223,,B001001,90402-RHQ,Accounting-Trade,RHQ,SH,AP 2017-01-1/8,,,IN,,2018-05-01 06:23:46 UTC,,,,,,,
000000000222,,A005005,90402-RHQ,Accounting-Trade,RHQ,SH,Reimbursement 2017-09-8/8,,,IN,,2018-05-01 06:23:46 UTC,,,,,,,
000000000221,,A005005,90402-RHQ,Accounting-Trade,RHQ,SH,Reimbursement 2017-09-7/8,,,IN,,2018-05-01 06:23:46 UTC,,,,,,,
000000000220,,A005005,90402-RHQ,Accounting-Trade,RHQ,SH,Reimbursement 2017-09-6/8,,,IN,,2018-05-01 06:23:46 UTC,,,,,,,
000000000219,,A005004,90402-RHQ,Accounting-Trade,RHQ,SH,Reimbursement 2017-09-5/8,,,IN,,2018-05-01 06:23:46 UTC,,,,,,,
000000000218,,A005004,90402-RHQ,Accounting-Trade,RHQ,SH,Reimbursement 2017-09-4/8,,,IN,,2018-05-01 06:23:46 UTC,,,,,,,
000000000217,,A005004,90402-RHQ,Accounting-Trade,RHQ,SH,Reimbursement 2017-09-3/8,,,IN,,2018-05-01 06:23:46 UTC,,,,,,,
000000000216,,A005004,90402-RHQ,Accounting-Trade,RHQ,SH,Reimbursement 2017-09-2/8,,,IN,,2018-05-01 06:23:46 UTC,,,,,,,
000000000215,,A005004,90402-RHQ,Accounting-Trade,RHQ,SH,Reimbursement 2017-09-1/8,,,IN,,2018-05-01 06:23:46 UTC,,,,,,,
000000000214,,A005004,90402-RHQ,Accounting-Trade,RHQ,SH,Reimbursement 2017-08-8/8,,,IN,,2018-05-01 06:23:46 UTC,,,,,,,
000000000213,,A005004,90402-RHQ,Accounting-Trade,RHQ,SH,Reimbursement 2017-08-7/8,,,IN,,2018-05-01 06:23:46 UTC,,,,,,,
000000000212,,A005004,90402-RHQ,Accounting-Trade,RHQ,SH,Reimbursement 2017-08-6/8,,,IN,,2018-05-01 06:23:46 UTC,,,,,,,
000000000211,,A005004,90402-RHQ,Accounting-Trade,RHQ,SH,Reimbursement 2017-08-5/8,,,IN,,2018-05-01 06:23:46 UTC,,,,,,,
000000000210,,A005004,90402-RHQ,Accounting-Trade,RHQ,SH,Reimbursement 2017-08-4/8,,,IN,,2018-05-01 06:23:46 UTC,,,,,,,
000000000209,,A005004,90402-RHQ,Accounting-Trade,RHQ,SH,Reimbursement 2017-08-3/8,,,IN,,2018-05-01 06:23:46 UTC,,,,,,,
000000000208,,A005004,90402-RHQ,Accounting-Trade,RHQ,SH,Reimbursement 2017-08-2/8,,,IN,,2018-05-01 06:23:46 UTC,,,,,,,
000000000207,,A005004,90402-RHQ,Accounting-Trade,RHQ,SH,Reimbursement 2017-08-1/8,,,IN,,2018-05-01 06:23:46 UTC,,,,,,,
000000000206,,A005004,90402-RHQ,Accounting-Trade,RHQ,SH,Reimbursement 2017-07-8/8,,,IN,,2018-05-01 06:23:46 UTC,,,,,,,
000000000205,,A005004,90402-RHQ,Accounting-Trade,RHQ,SH,Reimbursement 2017-07-7/8,,,IN,,2018-05-01 06:23:46 UTC,,,,,,,
000000000204,,A005004,90402-RHQ,Accounting-Trade,RHQ,SH,Reimbursement 2017-07-6/8,,,IN,,2018-05-01 06:23:46 UTC,,,,,,,
000000000203,,A005004,90402-RHQ,Accounting-Trade,RHQ,SH,Reimbursement 2017-07-5/8,,,IN,,2018-05-01 06:23:46 UTC,,,,,,,
000000000202,,A005004,90402-RHQ,Accounting-Trade,RHQ,SH,Reimbursement 2017-07-4/8,,,IN,,2018-05-01 06:23:46 UTC,,,,,,,
000000000201,,A005004,90402-RHQ,Accounting-Trade,RHQ,SH,Reimbursement 2017-07-3/8,,,IN,,2018-05-01 06:23:46 UTC,,,,,,,
000000000200,,A005004,90402-RHQ,Accounting-Trade,RHQ,SH,Reimbursement 2017-07-2/8,,,IN,,2018-05-01 06:23:46 UTC,,,,,,,
000000000199,,A005004,90402-RHQ,Accounting-Trade,RHQ,SH,Reimbursement 2017-07-1/8,,,IN,,2018-05-01 06:23:46 UTC,,,,,,,
000000000198,,A005003,90402-RHQ,Accounting-Trade,RHQ,SH,Reimbursement 2017-06-12/12,,,IN,,2018-05-01 06:23:46 UTC,,,,,,,
000000000197,,A005003,90402-RHQ,Accounting-Trade,RHQ,SH,Reimbursement 2017-06-11/12,,,IN,,2018-05-01 06:23:46 UTC,,,,,,,
000000000196,,A005003,90402-RHQ,Accounting-Trade,RHQ,SH,Reimbursement 2017-06-10/12,,,IN,,2018-05-01 06:23:46 UTC,,,,,,,
000000000195,,A005003,90402-RHQ,Accounting-Trade,RHQ,SH,Reimbursement 2017-06-9/12,,,IN,,2018-05-01 06:23:46 UTC,,,,,,,
000000000194,,A005003,90402-RHQ,Accounting-Trade,RHQ,SH,Reimbursement 2017-06-8/12,,,IN,,2018-05-01 06:23:46 UTC,,,,,,,
000000000193,,A005003,90402-RHQ,Accounting-Trade,RHQ,SH,Reimbursement 2017-06-7/12,,,IN,,2018-05-01 06:23:46 UTC,,,,,,,
000000000192,,A005003,90402-RHQ,Accounting-Trade,RHQ,SH,Reimbursement 2017-06-6/12,,,IN,,2018-05-01 06:23:46 UTC,,,,,,,
000000000191,,A005003,90402-RHQ,Accounting-Trade,RHQ,SH,Reimbursement 2017-06-5/12,,,IN,,2018-05-01 06:23:45 UTC,,,,,,,
000000000190,,A005003,90402-RHQ,Accounting-Trade,RHQ,SH,Reimbursement 2017-06-4/12,,,IN,,2018-05-01 06:23:45 UTC,,,,,,,
000000000189,,A005003,90402-RHQ,Accounting-Trade,RHQ,SH,Reimbursement 2017-06-3/12,,,IN,,2018-05-01 06:23:45 UTC,,,,,,,
000000000188,,A005003,90402-RHQ,Accounting-Trade,RHQ,SH,Reimbursement 2017-06-2/12,,,IN,,2018-05-01 06:23:45 UTC,,,,,,,
000000000187,,A005003,90402-RHQ,Accounting-Trade,RHQ,SH,Reimbursement 2017-06-1/12,,,IN,,2018-05-01 06:23:45 UTC,,,,,,,
000000000186,,A005003,90402-RHQ,Accounting-Trade,RHQ,SH,Reimbursement 2017-05-10/10,,,IN,,2018-05-01 06:23:45 UTC,,,,,,,
000000000185,,A005003,90402-RHQ,Accounting-Trade,RHQ,SH,Reimbursement 2017-05-9/10,,,IN,,2018-05-01 06:23:45 UTC,,,,,,,
000000000184,,A005003,90402-RHQ,Accounting-Trade,RHQ,SH,Reimbursement 2017-05-8/10,,,IN,,2018-05-01 06:23:45 UTC,,,,,,,
000000000183,,A005003,90402-RHQ,Accounting-Trade,RHQ,SH,Reimbursement 2017-05-7/10,,,IN,,2018-05-01 06:23:45 UTC,,,,,,,
000000000182,,A005002,90402-RHQ,Accounting-Trade,RHQ,SH,Reimbursement 2017-05-6/10,,,IN,,2018-05-01 06:23:45 UTC,,,,,,,
000000000181,,A005002,90402-RHQ,Accounting-Trade,RHQ,SH,Reimbursement 2017-05-5/10,,,IN,,2018-05-01 06:23:45 UTC,,,,,,,
000000000180,,A005002,90402-RHQ,Accounting-Trade,RHQ,SH,Reimbursement 2017-05-4/10,,,IN,,2018-05-01 06:23:45 UTC,,,,,,,
000000000179,,A005002,90402-RHQ,Accounting-Trade,RHQ,SH,Reimbursement 2017-05-3/10,,,IN,,2018-05-01 06:23:45 UTC,,,,,,,
000000000178,,A005002,90402-RHQ,Accounting-Trade,RHQ,SH,Reimbursement 2017-05-2/10,,,IN,,2018-05-01 06:23:45 UTC,,,,,,,
000000000177,,A005002,90402-RHQ,Accounting-Trade,RHQ,SH,Reimbursement 2017-05-1/10,,,IN,,2018-05-01 06:23:45 UTC,,,,,,,
000000000176,,A005002,90402-RHQ,Accounting-Trade,RHQ,SH,Reimbursement 2017-04-8/8,,,IN,,2018-05-01 06:23:45 UTC,,,,,,,
000000000175,,A005002,90402-RHQ,Accounting-Trade,RHQ,SH,Reimbursement 2017-04-7/8,,,IN,,2018-05-01 06:23:45 UTC,,,,,,,
000000000174,,A005002,90402-RHQ,Accounting-Trade,RHQ,SH,Reimbursement 2017-04-6/8,,,IN,,2018-05-01 06:23:45 UTC,,,,,,,
000000000173,,A005002,90402-RHQ,Accounting-Trade,RHQ,SH,Reimbursement 2017-04-5/8,,,IN,,2018-05-01 06:23:45 UTC,,,,,,,
000000000172,,A005002,90402-RHQ,Accounting-Trade,RHQ,SH,Reimbursement 2017-04-4/8,,,IN,,2018-05-01 06:23:45 UTC,,,,,,,
000000000171,,A005002,90402-RHQ,Accounting-Trade,RHQ,SH,Reimbursement 2017-04-3/8,,,IN,,2018-05-01 06:23:45 UTC,,,,,,,
000000000170,,A005002,90402-RHQ,Accounting-Trade,RHQ,SH,Reimbursement 2017-04-2/8,,,IN,,2018-05-01 06:23:45 UTC,,,,,,,
000000000169,,A005002,90402-RHQ,Accounting-Trade,RHQ,SH,Reimbursement 2017-04-1/8,,,IN,,2018-05-01 06:23:45 UTC,,,,,,,
000000000168,,A005002,90402-RHQ,Accounting-Trade,RHQ,SH,Reimbursement 2017-03-7/7,,,IN,,2018-05-01 06:23:45 UTC,,,,,,,
000000000167,,A005001,90402-RHQ,Accounting-Trade,RHQ,SH,Reimbursement 2017-03-6/7,,,IN,,2018-05-01 06:23:45 UTC,,,,,,,
000000000166,,A005001,90402-RHQ,Accounting-Trade,RHQ,SH,Reimbursement 2017-03-5/7,,,IN,,2018-05-01 06:23:45 UTC,,,,,,,
000000000165,,A005001,90402-RHQ,Accounting-Trade,RHQ,SH,Reimbursement 2017-03-4/7,,,IN,,2018-05-01 06:23:45 UTC,,,,,,,
000000000164,,A005001,90402-RHQ,Accounting-Trade,RHQ,SH,Reimbursement 2017-03-3/7,,,IN,,2018-05-01 06:23:45 UTC,,,,,,,
000000000163,,A005001,90402-RHQ,Accounting-Trade,RHQ,SH,Reimbursement 2017-03-2/7,,,IN,,2018-05-01 06:23:45 UTC,,,,,,,
000000000162,,A005001,90402-RHQ,Accounting-Trade,RHQ,SH,Reimbursement 2017-03-1/7,,,IN,,2018-05-01 06:23:45 UTC,,,,,,,
000000000161,,A005001,90402-RHQ,Accounting-Trade,RHQ,SH,Reimbursement 2017-02-4/4,,,IN,,2018-05-01 06:23:45 UTC,,,,,,,
000000000160,,A005001,90402-RHQ,Accounting-Trade,RHQ,SH,Reimbursement 2017-02-3/4,,,IN,,2018-05-01 06:23:45 UTC,,,,,,,
000000000159,,A005001,90402-RHQ,Accounting-Trade,RHQ,SH,Reimbursement 2017-02-2/4,,,IN,,2018-05-01 06:23:45 UTC,,,,,,,
000000000158,,A005001,90402-RHQ,Accounting-Trade,RHQ,SH,Reimbursement 2017-02-1/4,,,IN,,2018-05-01 06:23:45 UTC,,,,,,,
000000000157,,A005001,90402-RHQ,Accounting-Trade,RHQ,SH,Reimbursement 2017-01-5/5,,,IN,,2018-05-01 06:23:45 UTC,,,,,,,
000000000156,,A005001,90402-RHQ,Accounting-Trade,RHQ,SH,Reimbursement 2017-01-4/5,,,IN,,2018-05-01 06:23:45 UTC,,,,,,,
000000000155,,A005001,90402-RHQ,Accounting-Trade,RHQ,SH,Reimbursement 2017-01-3/5,,,IN,,2018-05-01 06:23:45 UTC,,,,,,,
000000000154,,A005001,90402-RHQ,Accounting-Trade,RHQ,SH,Reimbursement 2017-01-2/5,,,IN,,2018-05-01 06:23:45 UTC,,,,,,,
000000000153,,A005001,90402-RHQ,Accounting-Trade,RHQ,SH,Reimbursement 2017-01-1/5,,,IN,,2018-05-01 06:23:45 UTC,,,,,,,
000000000152,,A003004,90402-RHQ,Accounting-Trade,RHQ,SH,DP 2017-06-11/11,,,IN,,2018-05-01 06:23:45 UTC,,,,,,,
000000000151,,A003004,90402-RHQ,Accounting-Trade,RHQ,SH,DP 2017-06-10/11,,,IN,,2018-05-01 06:23:45 UTC,,,,,,,
000000000150,,A003004,90402-RHQ,Accounting-Trade,RHQ,SH,DP 2017-06-9/11,,,IN,,2018-05-01 06:23:45 UTC,,,,,,,
000000000149,,A003004,90402-RHQ,Accounting-Trade,RHQ,SH,DP 2017-06-8/11,,,IN,,2018-05-01 06:23:45 UTC,,,,,,,
000000000148,,A003004,90402-RHQ,Accounting-Trade,RHQ,SH,DP 2017-06-7/11,,,IN,,2018-05-01 06:23:45 UTC,,,,,,,
000000000147,,A003004,90402-RHQ,Accounting-Trade,RHQ,SH,DP 2017-06-6/11,,,IN,,2018-05-01 06:23:45 UTC,,,,,,,
000000000146,,A003004,90402-RHQ,Accounting-Trade,RHQ,SH,DP 2017-06-5/11,,,IN,,2018-05-01 06:23:45 UTC,,,,,,,
000000000145,,A003004,90402-RHQ,Accounting-Trade,RHQ,SH,DP 2017-06-4/11,,,IN,,2018-05-01 06:23:45 UTC,,,,,,,
000000000144,,A003004,90402-RHQ,Accounting-Trade,RHQ,SH,DP 2017-06-3/11,,,IN,,2018-05-01 06:23:45 UTC,,,,,,,
000000000143,,A003004,90402-RHQ,Accounting-Trade,RHQ,SH,DP 2017-06-2/11,,,IN,,2018-05-01 06:23:45 UTC,,,,,,,
000000000142,,A003004,90402-RHQ,Accounting-Trade,RHQ,SH,DP 2017-06-1/11,,,IN,,2018-05-01 06:23:45 UTC,,,,,,,
000000000141,,A003003,90402-RHQ,Accounting-Trade,RHQ,SH,DP 2017-05-9/9,,,IN,,2018-05-01 06:23:45 UTC,,,,,,,
000000000140,,A003003,90402-RHQ,Accounting-Trade,RHQ,SH,DP 2017-05-8/9,,,IN,,2018-05-01 06:23:45 UTC,,,,,,,
000000000139,,A003003,90402-RHQ,Accounting-Trade,RHQ,SH,DP 2017-05-7/9,,,IN,,2018-05-01 06:23:45 UTC,,,,,,,
000000000138,,A003003,90402-RHQ,Accounting-Trade,RHQ,SH,DP 2017-05-6/9,,,IN,,2018-05-01 06:23:45 UTC,,,,,,,
000000000137,,A003003,90402-RHQ,Accounting-Trade,RHQ,SH,DP 2017-05-5/9,,,IN,,2018-05-01 06:23:45 UTC,,,,,,,
000000000136,,A003003,90402-RHQ,Accounting-Trade,RHQ,SH,DP 2017-05-4/9,,,IN,,2018-05-01 06:23:45 UTC,,,,,,,
000000000135,,A003003,90402-RHQ,Accounting-Trade,RHQ,SH,DP 2017-05-3/9,,,IN,,2018-05-01 06:23:45 UTC,,,,,,,
000000000134,,A003003,90402-RHQ,Accounting-Trade,RHQ,SH,DP 2017-05-2/9,,,IN,,2018-05-01 06:23:45 UTC,,,,,,,
000000000133,,A003003,90402-RHQ,Accounting-Trade,RHQ,SH,DP 2017-05-1/9,,,IN,,2018-05-01 06:23:45 UTC,,,,,,,
000000000132,,A003003,90402-RHQ,Accounting-Trade,RHQ,SH,DP 2017-04-13/13,,,IN,,2018-05-01 06:23:45 UTC,,,,,,,
000000000131,,A003003,90402-RHQ,Accounting-Trade,RHQ,SH,DP 2017-04-12/13,,,IN,,2018-05-01 06:23:45 UTC,,,,,,,
000000000130,,A003003,90402-RHQ,Accounting-Trade,RHQ,SH,DP 2017-04-11/13,,,IN,,2018-05-01 06:23:45 UTC,,,,,,,
000000000129,,A003003,90402-RHQ,Accounting-Trade,RHQ,SH,DP 2017-04-10/13,,,IN,,2018-05-01 06:23:45 UTC,,,,,,,
000000000128,,A003003,90402-RHQ,Accounting-Trade,RHQ,SH,DP 2017-04-9/13,,,IN,,2018-05-01 06:23:45 UTC,,,,,,,
000000000127,,A003003,90402-RHQ,Accounting-Trade,RHQ,SH,DP 2017-04-8/13,,,IN,,2018-05-01 06:23:45 UTC,,,,,,,
000000000126,,A003003,90402-RHQ,Accounting-Trade,RHQ,SH,DP 2017-04-7/13,,,IN,,2018-05-01 06:23:45 UTC,,,,,,,
000000000125,,A003003,90402-RHQ,Accounting-Trade,RHQ,SH,DP 2017-04-6/13,,,IN,,2018-05-01 06:23:45 UTC,,,,,,,
000000000124,,A003003,90402-RHQ,Accounting-Trade,RHQ,SH,DP 2017-04-5/13,,,IN,,2018-05-01 06:23:45 UTC,,,,,,,
000000000123,,A003003,90402-RHQ,Accounting-Trade,RHQ,SH,DP 2017-04-4/13,,,IN,,2018-05-01 06:23:45 UTC,,,,,,,
000000000122,,A003003,90402-RHQ,Accounting-Trade,RHQ,SH,DP 2017-04-3/13,,,IN,,2018-05-01 06:23:45 UTC,,,,,,,
000000000121,,A003002,90402-RHQ,Accounting-Trade,RHQ,SH,DP 2017-04-2/13,,,IN,,2018-05-01 06:23:45 UTC,,,,,,,
000000000120,,A003002,90402-RHQ,Accounting-Trade,RHQ,SH,DP 2017-04-1/13,,,IN,,2018-05-01 06:23:45 UTC,,,,,,,
000000000119,,A003002,90402-RHQ,Accounting-Trade,RHQ,SH,DP 2017-03-10/10,,,IN,,2018-05-01 06:23:45 UTC,,,,,,,
000000000118,,A003002,90402-RHQ,Accounting-Trade,RHQ,SH,DP 2017-03-9/10,,,IN,,2018-05-01 06:23:45 UTC,,,,,,,
000000000117,,A003002,90402-RHQ,Accounting-Trade,RHQ,SH,DP 2017-03-8/10,,,IN,,2018-05-01 06:23:45 UTC,,,,,,,
000000000116,,A003002,90402-RHQ,Accounting-Trade,RHQ,SH,DP 2017-03-7/10,,,IN,,2018-05-01 06:23:45 UTC,,,,,,,
000000000115,,A003002,90402-RHQ,Accounting-Trade,RHQ,SH,DP 2017-03-6/10,,,IN,,2018-05-01 06:23:45 UTC,,,,,,,
000000000114,,A003002,90402-RHQ,Accounting-Trade,RHQ,SH,DP 2017-03-5/10,,,IN,,2018-05-01 06:23:45 UTC,,,,,,,
000000000113,,A003002,90402-RHQ,Accounting-Trade,RHQ,SH,DP 2017-03-4/10,,,IN,,2018-05-01 06:23:45 UTC,,,,,,,
000000000112,,A003002,90402-RHQ,Accounting-Trade,RHQ,SH,DP 2017-03-3/10,,,IN,,2018-05-01 06:23:45 UTC,,,,,,,
000000000111,,A003002,90402-RHQ,Accounting-Trade,RHQ,SH,DP 2017-03-2/10,,,IN,,2018-05-01 06:23:45 UTC,,,,,,,
000000000110,,A003002,90402-RHQ,Accounting-Trade,RHQ,SH,DP 2017-03-1/10,,,IN,,2018-05-01 06:23:45 UTC,,,,,,,
000000000109,,A003002,90402-RHQ,Accounting-Trade,RHQ,SH,DP 2017-02-9/9,,,IN,,2018-05-01 06:23:44 UTC,,,,,,,
000000000108,,A003002,90402-RHQ,Accounting-Trade,RHQ,SH,DP 2017-02-8/9,,,IN,,2018-05-01 06:23:44 UTC,,,,,,,
000000000107,,A003002,90402-RHQ,Accounting-Trade,RHQ,SH,DP 2017-02-7/9,,,IN,,2018-05-01 06:23:44 UTC,,,,,,,
000000000106,,A003002,90402-RHQ,Accounting-Trade,RHQ,SH,DP 2017-02-6/9,,,IN,,2018-05-01 06:23:44 UTC,,,,,,,
000000000105,,A003002,90402-RHQ,Accounting-Trade,RHQ,SH,DP 2017-02-5/9,,,IN,,2018-05-01 06:23:44 UTC,,,,,,,
000000000104,,A003001,90402-RHQ,Accounting-Trade,RHQ,SH,DP 2017-02-4/9,,,IN,,2018-05-01 06:23:44 UTC,,,,,,,
000000000103,,A003001,90402-RHQ,Accounting-Trade,RHQ,SH,DP 2017-02-3/9,,,IN,,2018-05-01 06:23:44 UTC,,,,,,,
000000000102,,A003001,90402-RHQ,Accounting-Trade,RHQ,SH,DP 2017-02-2/9,,,IN,,2018-05-01 06:23:44 UTC,,,,,,,
000000000101,,A003001,90402-RHQ,Accounting-Trade,RHQ,SH,DP 2017-02-1/9,,,IN,,2018-05-01 06:23:44 UTC,,,,,,,
000000000100,,A003001,90402-RHQ,Accounting-Trade,RHQ,SH,DP 2017-01-12/12,,,IN,,2018-05-01 06:23:44 UTC,,,,,,,
000000000099,,A003001,90402-RHQ,Accounting-Trade,RHQ,SH,DP 2017-01-11/12,,,IN,,2018-05-01 06:23:44 UTC,,,,,,,
000000000098,,A003001,90402-RHQ,Accounting-Trade,RHQ,SH,DP 2017-01-10/12,,,IN,,2018-05-01 06:23:44 UTC,,,,,,,
000000000097,,A003001,90402-RHQ,Accounting-Trade,RHQ,SH,DP 2017-01-9/12,,,IN,,2018-05-01 06:23:44 UTC,,,,,,,
000000000096,,A003001,90402-RHQ,Accounting-Trade,RHQ,SH,DP 2017-01-8/12,,,IN,,2018-05-01 06:23:44 UTC,,,,,,,
000000000095,,A003001,90402-RHQ,Accounting-Trade,RHQ,SH,DP 2017-01-7/12,,,IN,,2018-05-01 06:23:44 UTC,,,,,,,
000000000094,,A003001,90402-RHQ,Accounting-Trade,RHQ,SH,DP 2017-01-6/12,,,IN,,2018-05-01 06:23:44 UTC,,,,,,,
000000000093,,A003001,90402-RHQ,Accounting-Trade,RHQ,SH,DP 2017-01-5/12,,,IN,,2018-05-01 06:23:44 UTC,,,,,,,
000000000092,,A003001,90402-RHQ,Accounting-Trade,RHQ,SH,DP 2017-01-4/12,,,IN,,2018-05-01 06:23:44 UTC,,,,,,,
000000000091,,A003001,90402-RHQ,Accounting-Trade,RHQ,SH,DP 2017-01-3/12,,,IN,,2018-05-01 06:23:44 UTC,,,,,,,
000000000090,,A003001,90402-RHQ,Accounting-Trade,RHQ,SH,DP 2017-01-2/12,,,IN,,2018-05-01 06:23:44 UTC,,,,,,,
000000000089,,A003001,90402-RHQ,Accounting-Trade,RHQ,SH,DP 2017-01-1/12,,,IN,,2018-05-01 06:23:44 UTC,,,,,,,
000000000088,,A002001,90474-CDC,Accounting-Trade,CDC,SH,Export Sales 2017-09,,,IN,,2018-05-01 06:23:44 UTC,,,,,,,
000000000087,,A002001,90474-CDC,Accounting-Trade,CDC,SH,Export Sales 2017-08,,,IN,,2018-05-01 06:23:44 UTC,,,,,,,
000000000086,,A002001,90474-CDC,Accounting-Trade,CDC,SH,Export Sales 2017-07,,,IN,,2018-05-01 06:23:44 UTC,,,,,,,
000000000085,,A002001,90474-CDC,Accounting-Trade,CDC,SH,Export Sales 2017-06,,,IN,,2018-05-01 06:23:44 UTC,,,,,,,
000000000084,,A002001,90474-CDC,Accounting-Trade,CDC,SH,Export Sales 2017-05,,,IN,,2018-05-01 06:23:44 UTC,,,,,,,
000000000083,,A002001,90474-CDC,Accounting-Trade,CDC,SH,Export Sales 2017-04,,,IN,,2018-05-01 06:23:44 UTC,,,,,,,
000000000082,,A002001,90474-CDC,Accounting-Trade,CDC,SH,Export Sales 2017-03,,,IN,,2018-05-01 06:23:44 UTC,,,,,,,
000000000081,,A002001,90474-CDC,Accounting-Trade,CDC,SH,Export Sales 2017-02,,,IN,,2018-05-01 06:23:44 UTC,,,,,,,
000000000080,,A002001,90474-CDC,Accounting-Trade,CDC,SH,Export Sales 2017-01,,,IN,,2018-05-01 06:23:44 UTC,,,,,,,
000000000079,,A002001,90474-CDC,Accounting-Trade,CDC,SH,AP 2017-06,,,IN,,2018-05-01 06:23:44 UTC,,,,,,,
000000000078,,A002001,90474-CDC,Accounting-Trade,CDC,SH,AP 2017-05,,,IN,,2018-05-01 06:23:44 UTC,,,,,,,
000000000077,,A002001,90474-CDC,Accounting-Trade,CDC,SH,AP 2017-04,,,IN,,2018-05-01 06:23:44 UTC,,,,,,,
000000000076,,A002001,90474-CDC,Accounting-Trade,CDC,SH,AP 2017-03,,,IN,,2018-05-01 06:23:44 UTC,,,,,,,
000000000075,,A002001,90474-CDC,Accounting-Trade,CDC,SH,AP 2017-02,,,IN,,2018-05-01 06:23:44 UTC,,,,,,,
000000000074,,A002001,90474-CDC,Accounting-Trade,CDC,SH,AP 2017-01-2/2,,,IN,,2018-05-01 06:23:44 UTC,,,,,,,
000000000073,,A002001,90474-CDC,Accounting-Trade,CDC,SH,AP 2017-01-1/2,,,IN,,2018-05-01 06:23:44 UTC,,,,,,,
000000000072,,A001005,90474-CDC,Accounting-Trade,CDC,SH,GL 2017-10-3/3,,,IN,,2018-05-01 06:23:44 UTC,,,,,,,
000000000071,,A001005,90474-CDC,Accounting-Trade,CDC,SH,GL 2017-10-2/3,,,IN,,2018-05-01 06:23:44 UTC,,,,,,,
000000000070,,A001005,90474-CDC,Accounting-Trade,CDC,SH,GL 2017-10-1/3,,,IN,,2018-05-01 06:23:44 UTC,,,,,,,
000000000069,,A001005,90474-CDC,Accounting-Trade,CDC,SH,GL 2017-09-3/3,,,IN,,2018-05-01 06:23:44 UTC,,,,,,,
000000000068,,A001005,90474-CDC,Accounting-Trade,CDC,SH,GL 2017-09-2/3,,,IN,,2018-05-01 06:23:44 UTC,,,,,,,
000000000067,,A001005,90474-CDC,Accounting-Trade,CDC,SH,GL 2017-09-1/3,,,IN,,2018-05-01 06:23:44 UTC,,,,,,,
000000000066,,A001004,90474-CDC,Accounting-Trade,CDC,SH,GL 2017-08-2/2,,,IN,,2018-05-01 06:23:44 UTC,,,,,,,
000000000065,,A001004,90474-CDC,Accounting-Trade,CDC,SH,GL 2017-08-1/2,,,IN,,2018-05-01 06:23:44 UTC,,,,,,,
000000000064,,A001004,90474-CDC,Accounting-Trade,CDC,SH,GL 2017-07-2/2,,,IN,,2018-05-01 06:23:44 UTC,,,,,,,
000000000063,,A001004,90474-CDC,Accounting-Trade,CDC,SH,GL 2017-07-1/2,,,IN,,2018-05-01 06:23:44 UTC,,,,,,,
000000000062,,A001004,90474-CDC,Accounting-Trade,CDC,SH,GL 2017-06-3/3,,,IN,,2018-05-01 06:23:44 UTC,,,,,,,
000000000061,,A001004,90474-CDC,Accounting-Trade,CDC,SH,GL 2017-06-2/3,,,IN,,2018-05-01 06:23:44 UTC,,,,,,,
000000000060,,A001004,90474-CDC,Accounting-Trade,CDC,SH,GL 2017-06-1/3,,,IN,,2018-05-01 06:23:44 UTC,,,,,,,
000000000059,,A001004,90474-CDC,Accounting-Trade,CDC,SH,GL 2017-05-3/3,,,IN,,2018-05-01 06:23:44 UTC,,,,,,,
000000000058,,A001004,90474-CDC,Accounting-Trade,CDC,SH,GL 2017-05-2/3,,,IN,,2018-05-01 06:23:44 UTC,,,,,,,
000000000057,,A001004,90474-CDC,Accounting-Trade,CDC,SH,GL 2017-05-1/3,,,IN,,2018-05-01 06:23:44 UTC,,,,,,,
000000000056,,A001004,90474-CDC,Accounting-Trade,CDC,SH,GL 2017-04-3/3,,,IN,,2018-05-01 06:23:44 UTC,,,,,,,
000000000055,,A001004,90474-CDC,Accounting-Trade,CDC,SH,GL 2017-04-2/3,,,IN,,2018-05-01 06:23:44 UTC,,,,,,,
000000000054,,A001004,90474-CDC,Accounting-Trade,CDC,SH,GL 2017-04-1/3,,,IN,,2018-05-01 06:23:44 UTC,,,,,,,
000000000053,,A001004,90474-CDC,Accounting-Trade,CDC,SH,GL 2017-03-2/2,,,IN,,2018-05-01 06:23:44 UTC,,,,,,,
000000000052,,A001004,90474-CDC,Accounting-Trade,CDC,SH,GL 2017-03-1/2,,,IN,,2018-05-01 06:23:44 UTC,,,,,,,
000000000051,,A001004,90474-CDC,Accounting-Trade,CDC,SH,GL 2017-02-3/3,,,IN,,2018-05-01 06:23:44 UTC,,,,,,,
000000000050,,A001004,90474-CDC,Accounting-Trade,CDC,SH,GL 2017-02-2/3,,,IN,,2018-05-01 06:23:44 UTC,,,,,,,
000000000049,,A001004,90474-CDC,Accounting-Trade,CDC,SH,GL 2017-02-1/3,,,IN,,2018-05-01 06:23:44 UTC,,,,,,,
000000000048,,A001004,90474-CDC,Accounting-Trade,CDC,SH,GL 2017-01-3/3,,,IN,,2018-05-01 06:23:44 UTC,,,,,,,
000000000047,,A001004,90474-CDC,Accounting-Trade,CDC,SH,GL 2017-01-2/3,,,IN,,2018-05-01 06:23:44 UTC,,,,,,,
000000000046,,A001004,90474-CDC,Accounting-Trade,CDC,SH,GL 2017-01-1/3,,,IN,,2018-05-01 06:23:44 UTC,,,,,,,
000000000045,,A001003,90402-RHQ,Accounting-Trade,RHQ,SH,Recharge 2017-10~12,,,IN,,2018-05-01 06:23:44 UTC,,,,,,,
000000000044,,A001003,90402-RHQ,Accounting-Trade,RHQ,SH,Recharge 2017-07~09,,,IN,,2018-05-01 06:23:44 UTC,,,,,,,
000000000043,,A001003,90402-RHQ,Accounting-Trade,RHQ,SH,Recharge 2017-04~06,,,IN,,2018-05-01 06:23:44 UTC,,,,,,,
000000000042,,A001003,90402-RHQ,Accounting-Trade,RHQ,SH,Recharge 2017-01~03,,,IN,,2018-05-01 06:23:44 UTC,,,,,,,
000000000041,,A001003,90402-RHQ,Accounting-Trade,RHQ,SH,Recharge 2016-01~12,,,IN,,2018-05-01 06:23:44 UTC,,,,,,,
000000000040,,A001003,90402-RHQ,Accounting-Trade,RHQ,SH,GL 2017-12-4/4,,,IN,,2018-05-01 06:23:44 UTC,,,,,,,
000000000039,,A001003,90402-RHQ,Accounting-Trade,RHQ,SH,GL 2017-12-3/4,,,IN,,2018-05-01 06:23:44 UTC,,,,,,,
000000000038,,A001003,90402-RHQ,Accounting-Trade,RHQ,SH,GL 2017-12-2/4,,,IN,,2018-05-01 06:23:44 UTC,,,,,,,
000000000037,,A001003,90402-RHQ,Accounting-Trade,RHQ,SH,GL 2017-12-1/4,,,IN,,2018-05-01 06:23:44 UTC,,,,,,,
000000000036,,A001003,90402-RHQ,Accounting-Trade,RHQ,SH,GL 2017-10-3/3,,,IN,,2018-05-01 06:23:44 UTC,,,,,,,
000000000035,,A001003,90402-RHQ,Accounting-Trade,RHQ,SH,GL 2017-10-2/3,,,IN,,2018-05-01 06:23:44 UTC,,,,,,,
000000000034,,A001003,90402-RHQ,Accounting-Trade,RHQ,SH,GL 2017-10-1/3,,,IN,,2018-05-01 06:23:44 UTC,,,,,,,
000000000033,,A001003,90402-RHQ,Accounting-Trade,RHQ,SH,GL 2017-09-3/3,,,IN,,2018-05-01 06:23:44 UTC,,,,,,,
000000000032,,A001003,90402-RHQ,Accounting-Trade,RHQ,SH,GL 2017-09-2/3,,,IN,,2018-05-01 06:23:44 UTC,,,,,,,
000000000031,,A001003,90402-RHQ,Accounting-Trade,RHQ,SH,GL 2017-09-1/3,,,IN,,2018-05-01 06:23:44 UTC,,,,,,,
000000000030,,A001002,90402-RHQ,Accounting-Trade,RHQ,SH,GL 2017-08-3/3,,,IN,,2018-05-01 06:23:44 UTC,,,,,,,
000000000029,,A001002,90402-RHQ,Accounting-Trade,RHQ,SH,GL 2017-08-2/3,,,IN,,2018-05-01 06:23:44 UTC,,,,,,,
000000000028,,A001002,90402-RHQ,Accounting-Trade,RHQ,SH,GL 2017-08-1/3,,,IN,,2018-05-01 06:23:44 UTC,,,,,,,
000000000027,,A001002,90402-RHQ,Accounting-Trade,RHQ,SH,GL 2017-07-3/3,,,IN,,2018-05-01 06:23:44 UTC,,,,,,,
000000000026,,A001002,90402-RHQ,Accounting-Trade,RHQ,SH,GL 2017-07-2/3,,,IN,,2018-05-01 06:23:44 UTC,,,,,,,
000000000025,,A001002,90402-RHQ,Accounting-Trade,RHQ,SH,GL 2017-07-1/3,,,IN,,2018-05-01 06:23:44 UTC,,,,,,,
000000000024,,A001002,90402-RHQ,Accounting-Trade,RHQ,SH,GL 2017-06-4/4,,,IN,,2018-05-01 06:23:43 UTC,,,,,,,
000000000023,,A001002,90402-RHQ,Accounting-Trade,RHQ,SH,GL 2017-06-3/4,,,IN,,2018-05-01 06:23:43 UTC,,,,,,,
000000000022,,A001002,90402-RHQ,Accounting-Trade,RHQ,SH,GL 2017-06-2/4,,,IN,,2018-05-01 06:23:43 UTC,,,,,,,
000000000021,,A001002,90402-RHQ,Accounting-Trade,RHQ,SH,GL 2017-06-1/4,,,IN,,2018-05-01 06:23:43 UTC,,,,,,,
000000000020,,A001002,90402-RHQ,Accounting-Trade,RHQ,SH,GL 2017-05-4/4,,,IN,,2018-05-01 06:23:43 UTC,,,,,,,
000000000019,,A001002,90402-RHQ,Accounting-Trade,RHQ,SH,GL 2017-05-3/4,,,IN,,2018-05-01 06:23:43 UTC,,,,,,,
000000000018,,A001002,90402-RHQ,Accounting-Trade,RHQ,SH,GL 2017-05-2/4,,,IN,,2018-05-01 06:23:43 UTC,,,,,,,
000000000017,,A001002,90402-RHQ,Accounting-Trade,RHQ,SH,GL 2017-05-1/4,,,IN,,2018-05-01 06:23:43 UTC,,,,,,,
000000000016,,A001001,90402-RHQ,Accounting-Trade,RHQ,SH,GL 2017-04-4/4,,,IN,,2018-05-01 06:23:43 UTC,,,,,,,
000000000015,,A001001,90402-RHQ,Accounting-Trade,RHQ,SH,GL 2017-04-3/4,,,IN,,2018-05-01 06:23:43 UTC,,,,,,,
000000000014,,A001001,90402-RHQ,Accounting-Trade,RHQ,SH,GL 2017-04-2/4,,,IN,,2018-05-01 06:23:43 UTC,,,,,,,
000000000013,,A001001,90402-RHQ,Accounting-Trade,RHQ,SH,GL 2017-04-1/4,,,IN,,2018-05-01 06:23:43 UTC,,,,,,,
000000000012,,A001001,90402-RHQ,Accounting-Trade,RHQ,SH,GL 2017-03-4/4,,,IN,,2018-05-01 06:23:43 UTC,,,,,,,
000000000011,,A001001,90402-RHQ,Accounting-Trade,RHQ,SH,GL 2017-03-3/4,,,IN,,2018-05-01 06:23:43 UTC,,,,,,,
000000000010,,A001001,90402-RHQ,Accounting-Trade,RHQ,SH,GL 2017-03-2/4,,,IN,,2018-05-01 06:23:43 UTC,,,,,,,
000000000009,,A001001,90402-RHQ,Accounting-Trade,RHQ,SH,GL 2017-03-1/4,,,IN,,2018-05-01 06:23:43 UTC,,,,,,,
000000000008,,A001001,90402-RHQ,Accounting-Trade,RHQ,SH,GL 2017-02-4/4,,,IN,,2018-05-01 06:23:43 UTC,,,,,,,
000000000007,,A001001,90402-RHQ,Accounting-Trade,RHQ,SH,GL 2017-02-3/4,,,IN,,2018-05-01 06:23:43 UTC,,,,,,,
000000000006,,A001001,90402-RHQ,Accounting-Trade,RHQ,SH,GL 2017-02-2/4,,,IN,,2018-05-01 06:23:43 UTC,,,,,,,
000000000005,,A001001,90402-RHQ,Accounting-Trade,RHQ,SH,GL 2017-02-1/4,,,IN,,2018-05-01 06:23:43 UTC,,,,,,,
000000000004,,A001001,90402-RHQ,Accounting-Trade,RHQ,SH,GL 2017-01-4/4,,,IN,,2018-05-01 06:23:43 UTC,,,,,,,
000000000003,,A001001,90402-RHQ,Accounting-Trade,RHQ,SH,GL 2017-01-3/4,,,IN,,2018-05-01 06:23:43 UTC,,,,,,,
000000000002,,A001001,90402-RHQ,Accounting-Trade,RHQ,SH,GL 2017-01-2/4,2018/5/23,Zhiyi Xu,IN,,2018-05-23 02:47:36 UTC,,,,,,,
000000000001,,A001001,90402-RHQ,Accounting-Trade,RHQ,SH,GL 2017-01-1/4/brZhiyi Xu OUT at 2018-05-25 10:56:35 +0800,,Zhiyi Xu,OUT,,2018-05-25 02:56:35 UTC,,,,,,,